,Año,Trimestre,Provincia,Tipo_Banda,Accesos
0,2022,4,Buenos Aires,Banda ancha fija,4788466.0
1,2022,4,Capital Federal,Banda ancha fija,1549781.0
2,2022,4,Catamarca,Banda ancha fija,70908.0
3,2022,4,Chaco,Banda ancha fija,143658.0
4,2022,4,Chubut,Banda ancha fija,167855.0
5,2022,4,Córdoba,Banda ancha fija,1049592.0
6,2022,4,Corrientes,Banda ancha fija,155449.0
7,2022,4,Entre Ríos,Banda ancha fija,270952.0
8,2022,4,Formosa,Banda ancha fija,61840.0
9,2022,4,Jujuy,Banda ancha fija,118218.0
10,2022,4,La Pampa,Banda ancha fija,113993.0
11,2022,4,La Rioja,Banda ancha fija,86258.0
12,2022,4,Mendoza,Banda ancha fija,291327.0
13,2022,4,Misiones,Banda ancha fija,186269.0
14,2022,4,Neuquén,Banda ancha fija,159712.0
15,2022,4,Río Negro,Banda ancha fija,161544.0
16,2022,4,Salta,Banda ancha fija,205855.0
17,2022,4,San Juan,Banda ancha fija,103545.0
18,2022,4,San Luis,Banda ancha fija,135028.0
19,2022,4,Santa Cruz,Banda ancha fija,50005.0
20,2022,4,Santa Fe,Banda ancha fija,887581.0
21,2022,4,Santiago Del Estero,Banda ancha fija,119492.0
22,2022,4,Tierra Del Fuego,Banda ancha fija,54948.0
23,2022,4,Tucumán,Banda ancha fija,263392.0
24,2022,3,Buenos Aires,Banda ancha fija,4715469.0
25,2022,3,Capital Federal,Banda ancha fija,1545534.0
26,2022,3,Catamarca,Banda ancha fija,70292.0
27,2022,3,Chaco,Banda ancha fija,144141.0
28,2022,3,Chubut,Banda ancha fija,164874.0
29,2022,3,Córdoba,Banda ancha fija,1038600.0
30,2022,3,Corrientes,Banda ancha fija,144842.0
31,2022,3,Entre Ríos,Banda ancha fija,268937.0
32,2022,3,Formosa,Banda ancha fija,68537.0
33,2022,3,Jujuy,Banda ancha fija,118823.0
34,2022,3,La Pampa,Banda ancha fija,115921.0
35,2022,3,La Rioja,Banda ancha fija,86860.0
36,2022,3,Mendoza,Banda ancha fija,288746.0
37,2022,3,Misiones,Banda ancha fija,182157.0
38,2022,3,Neuquén,Banda ancha fija,162693.0
39,2022,3,Río Negro,Banda ancha fija,160010.0
40,2022,3,Salta,Banda ancha fija,204536.0
41,2022,3,San Juan,Banda ancha fija,103118.0
42,2022,3,San Luis,Banda ancha fija,121888.0
43,2022,3,Santa Cruz,Banda ancha fija,49312.0
44,2022,3,Santa Fe,Banda ancha fija,887700.0
45,2022,3,Santiago Del Estero,Banda ancha fija,119030.0
46,2022,3,Tierra Del Fuego,Banda ancha fija,53584.0
47,2022,3,Tucumán,Banda ancha fija,263087.0
48,2022,2,Buenos Aires,Banda ancha fija,4660984.0
49,2022,2,Capital Federal,Banda ancha fija,1534626.0
50,2022,2,Catamarca,Banda ancha fija,67007.0
51,2022,2,Chaco,Banda ancha fija,143559.0
52,2022,2,Chubut,Banda ancha fija,161901.0
53,2022,2,Córdoba,Banda ancha fija,1026367.0
54,2022,2,Corrientes,Banda ancha fija,144993.0
55,2022,2,Entre Ríos,Banda ancha fija,269330.0
56,2022,2,Formosa,Banda ancha fija,67881.0
57,2022,2,Jujuy,Banda ancha fija,115314.0
58,2022,2,La Pampa,Banda ancha fija,111356.0
59,2022,2,La Rioja,Banda ancha fija,86026.0
60,2022,2,Mendoza,Banda ancha fija,278785.0
61,2022,2,Misiones,Banda ancha fija,178813.0
62,2022,2,Neuquén,Banda ancha fija,161500.0
63,2022,2,Río Negro,Banda ancha fija,159216.0
64,2022,2,Salta,Banda ancha fija,203172.0
65,2022,2,San Juan,Banda ancha fija,100126.0
66,2022,2,San Luis,Banda ancha fija,121559.0
67,2022,2,Santa Cruz,Banda ancha fija,48987.0
68,2022,2,Santa Fe,Banda ancha fija,878749.0
69,2022,2,Santiago Del Estero,Banda ancha fija,118042.0
70,2022,2,Tierra Del Fuego,Banda ancha fija,53458.0
71,2022,2,Tucumán,Banda ancha fija,254497.0
72,2022,1,Buenos Aires,Banda ancha fija,4549131.0
73,2022,1,Capital Federal,Banda ancha fija,1415378.0
74,2022,1,Catamarca,Banda ancha fija,62377.0
75,2022,1,Chaco,Banda ancha fija,144114.0
76,2022,1,Chubut,Banda ancha fija,170701.0
77,2022,1,Córdoba,Banda ancha fija,1003729.0
78,2022,1,Corrientes,Banda ancha fija,142574.0
79,2022,1,Entre Ríos,Banda ancha fija,267904.0
80,2022,1,Formosa,Banda ancha fija,54548.0
81,2022,1,Jujuy,Banda ancha fija,116509.0
82,2022,1,La Pampa,Banda ancha fija,109560.0
83,2022,1,La Rioja,Banda ancha fija,84299.0
84,2022,1,Mendoza,Banda ancha fija,274399.0
85,2022,1,Misiones,Banda ancha fija,171508.0
86,2022,1,Neuquén,Banda ancha fija,149208.0
87,2022,1,Río Negro,Banda ancha fija,156821.0
88,2022,1,Salta,Banda ancha fija,197510.0
89,2022,1,San Juan,Banda ancha fija,87888.0
90,2022,1,San Luis,Banda ancha fija,119659.0
91,2022,1,Santa Cruz,Banda ancha fija,48898.0
92,2022,1,Santa Fe,Banda ancha fija,870364.0
93,2022,1,Santiago Del Estero,Banda ancha fija,116459.0
94,2022,1,Tierra Del Fuego,Banda ancha fija,52298.0
95,2022,1,Tucumán,Banda ancha fija,245554.0
96,2021,4,Buenos Aires,Banda ancha fija,4502772.0
97,2021,4,Capital Federal,Banda ancha fija,1409935.0
98,2021,4,Catamarca,Banda ancha fija,59089.0
99,2021,4,Chaco,Banda ancha fija,143740.0
100,2021,4,Chubut,Banda ancha fija,159364.0
101,2021,4,Córdoba,Banda ancha fija,986693.0
102,2021,4,Corrientes,Banda ancha fija,135908.0
103,2021,4,Entre Ríos,Banda ancha fija,265024.0
104,2021,4,Formosa,Banda ancha fija,53663.0
105,2021,4,Jujuy,Banda ancha fija,113915.0
106,2021,4,La Pampa,Banda ancha fija,106834.0
107,2021,4,La Rioja,Banda ancha fija,83124.0
108,2021,4,Mendoza,Banda ancha fija,266783.0
109,2021,4,Misiones,Banda ancha fija,171132.0
110,2021,4,Neuquén,Banda ancha fija,146989.0
111,2021,4,Río Negro,Banda ancha fija,153189.0
112,2021,4,Salta,Banda ancha fija,199399.0
113,2021,4,San Juan,Banda ancha fija,79667.0
114,2021,4,San Luis,Banda ancha fija,118662.0
115,2021,4,Santa Cruz,Banda ancha fija,48276.0
116,2021,4,Santa Fe,Banda ancha fija,866265.0
117,2021,4,Santiago Del Estero,Banda ancha fija,115859.0
118,2021,4,Tierra Del Fuego,Banda ancha fija,52042.0
119,2021,4,Tucumán,Banda ancha fija,238609.0
120,2021,3,Buenos Aires,Banda ancha fija,4246425.0
121,2021,3,Capital Federal,Banda ancha fija,1411797.0
122,2021,3,Catamarca,Banda ancha fija,56253.0
123,2021,3,Chaco,Banda ancha fija,139868.0
124,2021,3,Chubut,Banda ancha fija,155266.0
125,2021,3,Córdoba,Banda ancha fija,946726.0
126,2021,3,Corrientes,Banda ancha fija,133816.0
127,2021,3,Entre Ríos,Banda ancha fija,260360.0
128,2021,3,Formosa,Banda ancha fija,52795.0
129,2021,3,Jujuy,Banda ancha fija,111158.0
130,2021,3,La Pampa,Banda ancha fija,100371.0
131,2021,3,La Rioja,Banda ancha fija,82157.0
132,2021,3,Mendoza,Banda ancha fija,255320.0
133,2021,3,Misiones,Banda ancha fija,158528.0
134,2021,3,Neuquén,Banda ancha fija,139436.0
135,2021,3,Río Negro,Banda ancha fija,144084.0
136,2021,3,Salta,Banda ancha fija,195831.0
137,2021,3,San Juan,Banda ancha fija,79227.0
138,2021,3,San Luis,Banda ancha fija,117716.0
139,2021,3,Santa Cruz,Banda ancha fija,48779.0
140,2021,3,Santa Fe,Banda ancha fija,841433.0
141,2021,3,Santiago Del Estero,Banda ancha fija,115457.0
142,2021,3,Tierra Del Fuego,Banda ancha fija,49934.0
143,2021,3,Tucumán,Banda ancha fija,232447.0
144,2021,2,Buenos Aires,Banda ancha fija,4127167.0
145,2021,2,Capital Federal,Banda ancha fija,1398747.0
146,2021,2,Catamarca,Banda ancha fija,55743.0
147,2021,2,Chaco,Banda ancha fija,140726.0
148,2021,2,Chubut,Banda ancha fija,138412.0
149,2021,2,Córdoba,Banda ancha fija,930818.0
150,2021,2,Corrientes,Banda ancha fija,129498.0
151,2021,2,Entre Ríos,Banda ancha fija,257617.0
152,2021,2,Formosa,Banda ancha fija,51551.0
153,2021,2,Jujuy,Banda ancha fija,111848.0
154,2021,2,La Pampa,Banda ancha fija,97551.0
155,2021,2,La Rioja,Banda ancha fija,81599.0
156,2021,2,Mendoza,Banda ancha fija,229052.0
157,2021,2,Misiones,Banda ancha fija,156176.0
158,2021,2,Neuquén,Banda ancha fija,137877.0
159,2021,2,Río Negro,Banda ancha fija,143583.0
160,2021,2,Salta,Banda ancha fija,191637.0
161,2021,2,San Juan,Banda ancha fija,78677.0
162,2021,2,San Luis,Banda ancha fija,122670.0
163,2021,2,Santa Cruz,Banda ancha fija,48785.0
164,2021,2,Santa Fe,Banda ancha fija,840449.0
165,2021,2,Santiago Del Estero,Banda ancha fija,114089.0
166,2021,2,Tierra Del Fuego,Banda ancha fija,35404.0
167,2021,2,Tucumán,Banda ancha fija,233026.0
168,2021,1,Buenos Aires,Banda ancha fija,4054936.0
169,2021,1,Capital Federal,Banda ancha fija,1378283.0
170,2021,1,Catamarca,Banda ancha fija,51967.0
171,2021,1,Chaco,Banda ancha fija,139767.0
172,2021,1,Chubut,Banda ancha fija,131515.0
173,2021,1,Córdoba,Banda ancha fija,910826.0
174,2021,1,Corrientes,Banda ancha fija,126622.0
175,2021,1,Entre Ríos,Banda ancha fija,251950.0
176,2021,1,Formosa,Banda ancha fija,50686.0
177,2021,1,Jujuy,Banda ancha fija,110456.0
178,2021,1,La Pampa,Banda ancha fija,96989.0
179,2021,1,La Rioja,Banda ancha fija,52625.0
180,2021,1,Mendoza,Banda ancha fija,218308.0
181,2021,1,Misiones,Banda ancha fija,149387.0
182,2021,1,Neuquén,Banda ancha fija,132862.0
183,2021,1,Río Negro,Banda ancha fija,140667.0
184,2021,1,Salta,Banda ancha fija,187572.0
185,2021,1,San Juan,Banda ancha fija,78011.0
186,2021,1,San Luis,Banda ancha fija,119006.0
187,2021,1,Santa Cruz,Banda ancha fija,45868.0
188,2021,1,Santa Fe,Banda ancha fija,825990.0
189,2021,1,Santiago Del Estero,Banda ancha fija,111640.0
190,2021,1,Tierra Del Fuego,Banda ancha fija,40133.0
191,2021,1,Tucumán,Banda ancha fija,231890.0
192,2020,4,Buenos Aires,Banda ancha fija,4028195.0
193,2020,4,Capital Federal,Banda ancha fija,1378140.0
194,2020,4,Catamarca,Banda ancha fija,52395.0
195,2020,4,Chaco,Banda ancha fija,139088.0
196,2020,4,Chubut,Banda ancha fija,129749.0
197,2020,4,Córdoba,Banda ancha fija,902646.0
198,2020,4,Corrientes,Banda ancha fija,125656.0
199,2020,4,Entre Ríos,Banda ancha fija,247368.0
200,2020,4,Formosa,Banda ancha fija,50206.0
201,2020,4,Jujuy,Banda ancha fija,105851.0
202,2020,4,La Pampa,Banda ancha fija,96779.0
203,2020,4,La Rioja,Banda ancha fija,52775.0
204,2020,4,Mendoza,Banda ancha fija,214838.0
205,2020,4,Misiones,Banda ancha fija,147161.0
206,2020,4,Neuquén,Banda ancha fija,132762.0
207,2020,4,Río Negro,Banda ancha fija,140709.0
208,2020,4,Salta,Banda ancha fija,187388.0
209,2020,4,San Juan,Banda ancha fija,72340.0
210,2020,4,San Luis,Banda ancha fija,119287.0
211,2020,4,Santa Cruz,Banda ancha fija,40477.0
212,2020,4,Santa Fe,Banda ancha fija,820676.0
213,2020,4,Santiago Del Estero,Banda ancha fija,106668.0
214,2020,4,Tierra Del Fuego,Banda ancha fija,39325.0
215,2020,4,Tucumán,Banda ancha fija,231067.0
216,2020,3,Buenos Aires,Banda ancha fija,3932211.0
217,2020,3,Capital Federal,Banda ancha fija,1371285.0
218,2020,3,Catamarca,Banda ancha fija,49903.0
219,2020,3,Chaco,Banda ancha fija,133951.0
220,2020,3,Chubut,Banda ancha fija,129202.0
221,2020,3,Córdoba,Banda ancha fija,867417.0
222,2020,3,Corrientes,Banda ancha fija,123388.0
223,2020,3,Entre Ríos,Banda ancha fija,241482.0
224,2020,3,Formosa,Banda ancha fija,49209.0
225,2020,3,Jujuy,Banda ancha fija,106728.0
226,2020,3,La Pampa,Banda ancha fija,93619.0
227,2020,3,La Rioja,Banda ancha fija,52613.0
228,2020,3,Mendoza,Banda ancha fija,207173.0
229,2020,3,Misiones,Banda ancha fija,143186.0
230,2020,3,Neuquén,Banda ancha fija,128862.0
231,2020,3,Río Negro,Banda ancha fija,130966.0
232,2020,3,Salta,Banda ancha fija,180844.0
233,2020,3,San Juan,Banda ancha fija,77071.0
234,2020,3,San Luis,Banda ancha fija,116417.0
235,2020,3,Santa Cruz,Banda ancha fija,39084.0
236,2020,3,Santa Fe,Banda ancha fija,802861.0
237,2020,3,Santiago Del Estero,Banda ancha fija,105491.0
238,2020,3,Tierra Del Fuego,Banda ancha fija,39366.0
239,2020,3,Tucumán,Banda ancha fija,223854.0
240,2020,2,Buenos Aires,Banda ancha fija,3772480.0
241,2020,2,Capital Federal,Banda ancha fija,1356431.0
242,2020,2,Catamarca,Banda ancha fija,47975.0
243,2020,2,Chaco,Banda ancha fija,128129.0
244,2020,2,Chubut,Banda ancha fija,107831.0
245,2020,2,Córdoba,Banda ancha fija,836413.0
246,2020,2,Corrientes,Banda ancha fija,118863.0
247,2020,2,Entre Ríos,Banda ancha fija,234100.0
248,2020,2,Formosa,Banda ancha fija,47932.0
249,2020,2,Jujuy,Banda ancha fija,94316.0
250,2020,2,La Pampa,Banda ancha fija,89693.0
251,2020,2,La Rioja,Banda ancha fija,52152.0
252,2020,2,Mendoza,Banda ancha fija,200569.0
253,2020,2,Misiones,Banda ancha fija,140340.0
254,2020,2,Neuquén,Banda ancha fija,125799.0
255,2020,2,Río Negro,Banda ancha fija,128985.0
256,2020,2,Salta,Banda ancha fija,177760.0
257,2020,2,San Juan,Banda ancha fija,69521.0
258,2020,2,San Luis,Banda ancha fija,113804.0
259,2020,2,Santa Cruz,Banda ancha fija,38672.0
260,2020,2,Santa Fe,Banda ancha fija,777795.0
261,2020,2,Santiago Del Estero,Banda ancha fija,105446.0
262,2020,2,Tierra Del Fuego,Banda ancha fija,38900.0
263,2020,2,Tucumán,Banda ancha fija,217134.0
264,2020,1,Buenos Aires,Banda ancha fija,3702985.0
265,2020,1,Capital Federal,Banda ancha fija,1352104.0
266,2020,1,Catamarca,Banda ancha fija,39634.0
267,2020,1,Chaco,Banda ancha fija,120274.0
268,2020,1,Chubut,Banda ancha fija,95938.0
269,2020,1,Córdoba,Banda ancha fija,811044.0
270,2020,1,Corrientes,Banda ancha fija,113967.0
271,2020,1,Entre Ríos,Banda ancha fija,231833.0
272,2020,1,Formosa,Banda ancha fija,46434.0
273,2020,1,Jujuy,Banda ancha fija,91665.0
274,2020,1,La Pampa,Banda ancha fija,89110.0
275,2020,1,La Rioja,Banda ancha fija,48337.0
276,2020,1,Mendoza,Banda ancha fija,182837.0
277,2020,1,Misiones,Banda ancha fija,133552.0
278,2020,1,Neuquén,Banda ancha fija,121354.0
279,2020,1,Río Negro,Banda ancha fija,125699.0
280,2020,1,Salta,Banda ancha fija,170379.0
281,2020,1,San Juan,Banda ancha fija,63975.0
282,2020,1,San Luis,Banda ancha fija,110404.0
283,2020,1,Santa Cruz,Banda ancha fija,38625.0
284,2020,1,Santa Fe,Banda ancha fija,770981.0
285,2020,1,Santiago Del Estero,Banda ancha fija,102754.0
286,2020,1,Tierra Del Fuego,Banda ancha fija,38505.0
287,2020,1,Tucumán,Banda ancha fija,200045.0
288,2019,4,Buenos Aires,Banda ancha fija,3681120.0
289,2019,4,Capital Federal,Banda ancha fija,1356695.0
290,2019,4,Catamarca,Banda ancha fija,38310.0
291,2019,4,Chaco,Banda ancha fija,117900.0
292,2019,4,Chubut,Banda ancha fija,95292.0
293,2019,4,Córdoba,Banda ancha fija,806633.0
294,2019,4,Corrientes,Banda ancha fija,113831.0
295,2019,4,Entre Ríos,Banda ancha fija,239017.0
296,2019,4,Formosa,Banda ancha fija,46711.0
297,2019,4,Jujuy,Banda ancha fija,88881.0
298,2019,4,La Pampa,Banda ancha fija,90280.0
299,2019,4,La Rioja,Banda ancha fija,48999.0
300,2019,4,Mendoza,Banda ancha fija,185157.0
301,2019,4,Misiones,Banda ancha fija,135813.0
302,2019,4,Neuquén,Banda ancha fija,116069.0
303,2019,4,Río Negro,Banda ancha fija,126636.0
304,2019,4,Salta,Banda ancha fija,172443.0
305,2019,4,San Juan,Banda ancha fija,64715.0
306,2019,4,San Luis,Banda ancha fija,108053.0
307,2019,4,Santa Cruz,Banda ancha fija,39170.0
308,2019,4,Santa Fe,Banda ancha fija,769019.0
309,2019,4,Santiago Del Estero,Banda ancha fija,103587.0
310,2019,4,Tierra Del Fuego,Banda ancha fija,40101.0
311,2019,4,Tucumán,Banda ancha fija,198621.0
312,2019,3,Buenos Aires,Banda ancha fija,3950114.0
313,2019,3,Capital Federal,Banda ancha fija,1437734.0
314,2019,3,Catamarca,Banda ancha fija,32391.0
315,2019,3,Chaco,Banda ancha fija,114438.0
316,2019,3,Chubut,Banda ancha fija,87481.0
317,2019,3,Córdoba,Banda ancha fija,782946.0
318,2019,3,Corrientes,Banda ancha fija,112749.0
319,2019,3,Entre Ríos,Banda ancha fija,238057.0
320,2019,3,Formosa,Banda ancha fija,46066.0
321,2019,3,Jujuy,Banda ancha fija,86575.0
322,2019,3,La Pampa,Banda ancha fija,90559.0
323,2019,3,La Rioja,Banda ancha fija,49659.0
324,2019,3,Mendoza,Banda ancha fija,223015.0
325,2019,3,Misiones,Banda ancha fija,133883.0
326,2019,3,Neuquén,Banda ancha fija,123435.0
327,2019,3,Río Negro,Banda ancha fija,143391.0
328,2019,3,Salta,Banda ancha fija,151834.0
329,2019,3,San Juan,Banda ancha fija,72535.0
330,2019,3,San Luis,Banda ancha fija,122409.0
331,2019,3,Santa Cruz,Banda ancha fija,37642.0
332,2019,3,Santa Fe,Banda ancha fija,760706.0
333,2019,3,Santiago Del Estero,Banda ancha fija,133130.0
334,2019,3,Tierra Del Fuego,Banda ancha fija,48043.0
335,2019,3,Tucumán,Banda ancha fija,164099.0
336,2019,2,Buenos Aires,Banda ancha fija,3845594.0
337,2019,2,Capital Federal,Banda ancha fija,1412177.0
338,2019,2,Catamarca,Banda ancha fija,33626.0
339,2019,2,Chaco,Banda ancha fija,108721.0
340,2019,2,Chubut,Banda ancha fija,86038.0
341,2019,2,Córdoba,Banda ancha fija,775023.0
342,2019,2,Corrientes,Banda ancha fija,111539.0
343,2019,2,Entre Ríos,Banda ancha fija,235780.0
344,2019,2,Formosa,Banda ancha fija,46438.0
345,2019,2,Jujuy,Banda ancha fija,86706.0
346,2019,2,La Pampa,Banda ancha fija,89937.0
347,2019,2,La Rioja,Banda ancha fija,50283.0
348,2019,2,Mendoza,Banda ancha fija,222535.0
349,2019,2,Misiones,Banda ancha fija,132878.0
350,2019,2,Neuquén,Banda ancha fija,120954.0
351,2019,2,Río Negro,Banda ancha fija,137632.0
352,2019,2,Salta,Banda ancha fija,142567.0
353,2019,2,San Juan,Banda ancha fija,69461.0
354,2019,2,San Luis,Banda ancha fija,117094.0
355,2019,2,Santa Cruz,Banda ancha fija,30225.0
356,2019,2,Santa Fe,Banda ancha fija,743258.0
357,2019,2,Santiago Del Estero,Banda ancha fija,126752.0
358,2019,2,Tierra Del Fuego,Banda ancha fija,46910.0
359,2019,2,Tucumán,Banda ancha fija,166299.0
360,2019,1,Buenos Aires,Banda ancha fija,3736563.0
361,2019,1,Capital Federal,Banda ancha fija,1396157.0
362,2019,1,Catamarca,Banda ancha fija,33613.0
363,2019,1,Chaco,Banda ancha fija,103664.0
364,2019,1,Chubut,Banda ancha fija,78260.0
365,2019,1,Córdoba,Banda ancha fija,744010.0
366,2019,1,Corrientes,Banda ancha fija,102477.0
367,2019,1,Entre Ríos,Banda ancha fija,232403.0
368,2019,1,Formosa,Banda ancha fija,45211.0
369,2019,1,Jujuy,Banda ancha fija,90146.0
370,2019,1,La Pampa,Banda ancha fija,88892.0
371,2019,1,La Rioja,Banda ancha fija,51638.0
372,2019,1,Mendoza,Banda ancha fija,204976.0
373,2019,1,Misiones,Banda ancha fija,122720.0
374,2019,1,Neuquén,Banda ancha fija,112321.0
375,2019,1,Río Negro,Banda ancha fija,120173.0
376,2019,1,Salta,Banda ancha fija,136019.0
377,2019,1,San Juan,Banda ancha fija,61881.0
378,2019,1,San Luis,Banda ancha fija,96044.0
379,2019,1,Santa Cruz,Banda ancha fija,24580.0
380,2019,1,Santa Fe,Banda ancha fija,736851.0
381,2019,1,Santiago Del Estero,Banda ancha fija,89851.0
382,2019,1,Tierra Del Fuego,Banda ancha fija,45903.0
383,2019,1,Tucumán,Banda ancha fija,171970.0
384,2018,4,Buenos Aires,Banda ancha fija,3626502.0
385,2018,4,Capital Federal,Banda ancha fija,1385577.0
386,2018,4,Catamarca,Banda ancha fija,33574.0
387,2018,4,Chaco,Banda ancha fija,103257.0
388,2018,4,Chubut,Banda ancha fija,77204.0
389,2018,4,Córdoba,Banda ancha fija,737234.0
390,2018,4,Corrientes,Banda ancha fija,100591.0
391,2018,4,Entre Ríos,Banda ancha fija,222003.0
392,2018,4,Formosa,Banda ancha fija,45204.0
393,2018,4,Jujuy,Banda ancha fija,90132.0
394,2018,4,La Pampa,Banda ancha fija,85368.0
395,2018,4,La Rioja,Banda ancha fija,51633.0
396,2018,4,Mendoza,Banda ancha fija,204982.0
397,2018,4,Misiones,Banda ancha fija,116273.0
398,2018,4,Neuquén,Banda ancha fija,112309.0
399,2018,4,Río Negro,Banda ancha fija,115922.0
400,2018,4,Salta,Banda ancha fija,134577.0
401,2018,4,San Juan,Banda ancha fija,61834.0
402,2018,4,San Luis,Banda ancha fija,96040.0
403,2018,4,Santa Cruz,Banda ancha fija,24443.0
404,2018,4,Santa Fe,Banda ancha fija,720161.0
405,2018,4,Santiago Del Estero,Banda ancha fija,89333.0
406,2018,4,Tierra Del Fuego,Banda ancha fija,45716.0
407,2018,4,Tucumán,Banda ancha fija,171972.0
408,2018,3,Buenos Aires,Banda ancha fija,3599714.0
409,2018,3,Capital Federal,Banda ancha fija,1385804.0
410,2018,3,Catamarca,Banda ancha fija,34215.0
411,2018,3,Chaco,Banda ancha fija,102021.0
412,2018,3,Chubut,Banda ancha fija,101310.0
413,2018,3,Córdoba,Banda ancha fija,725764.0
414,2018,3,Corrientes,Banda ancha fija,99445.0
415,2018,3,Entre Ríos,Banda ancha fija,204560.0
416,2018,3,Formosa,Banda ancha fija,44865.0
417,2018,3,Jujuy,Banda ancha fija,44934.0
418,2018,3,La Pampa,Banda ancha fija,83180.0
419,2018,3,La Rioja,Banda ancha fija,51855.0
420,2018,3,Mendoza,Banda ancha fija,205545.0
421,2018,3,Misiones,Banda ancha fija,108042.0
422,2018,3,Neuquén,Banda ancha fija,114713.0
423,2018,3,Río Negro,Banda ancha fija,112433.0
424,2018,3,Salta,Banda ancha fija,132882.0
425,2018,3,San Juan,Banda ancha fija,63823.0
426,2018,3,San Luis,Banda ancha fija,74121.0
427,2018,3,Santa Cruz,Banda ancha fija,33565.0
428,2018,3,Santa Fe,Banda ancha fija,694883.0
429,2018,3,Santiago Del Estero,Banda ancha fija,86358.0
430,2018,3,Tierra Del Fuego,Banda ancha fija,45056.0
431,2018,3,Tucumán,Banda ancha fija,171135.0
432,2018,2,Buenos Aires,Banda ancha fija,3490134.0
433,2018,2,Capital Federal,Banda ancha fija,1362498.0
434,2018,2,Catamarca,Banda ancha fija,34078.0
435,2018,2,Chaco,Banda ancha fija,98509.0
436,2018,2,Chubut,Banda ancha fija,98137.0
437,2018,2,Córdoba,Banda ancha fija,712979.0
438,2018,2,Corrientes,Banda ancha fija,97946.0
439,2018,2,Entre Ríos,Banda ancha fija,199937.0
440,2018,2,Formosa,Banda ancha fija,44554.0
441,2018,2,Jujuy,Banda ancha fija,45132.0
442,2018,2,La Pampa,Banda ancha fija,82177.0
443,2018,2,La Rioja,Banda ancha fija,51931.0
444,2018,2,Mendoza,Banda ancha fija,199468.0
445,2018,2,Misiones,Banda ancha fija,106147.0
446,2018,2,Neuquén,Banda ancha fija,113842.0
447,2018,2,Río Negro,Banda ancha fija,111176.0
448,2018,2,Salta,Banda ancha fija,134166.0
449,2018,2,San Juan,Banda ancha fija,63443.0
450,2018,2,San Luis,Banda ancha fija,21168.0
451,2018,2,Santa Cruz,Banda ancha fija,33970.0
452,2018,2,Santa Fe,Banda ancha fija,684243.0
453,2018,2,Santiago Del Estero,Banda ancha fija,83773.0
454,2018,2,Tierra Del Fuego,Banda ancha fija,44199.0
455,2018,2,Tucumán,Banda ancha fija,169926.0
456,2018,1,Buenos Aires,Banda ancha fija,3464882.0
457,2018,1,Capital Federal,Banda ancha fija,1359882.0
458,2018,1,Catamarca,Banda ancha fija,33934.0
459,2018,1,Chaco,Banda ancha fija,96925.0
460,2018,1,Chubut,Banda ancha fija,95532.0
461,2018,1,Córdoba,Banda ancha fija,713825.0
462,2018,1,Corrientes,Banda ancha fija,94406.0
463,2018,1,Entre Ríos,Banda ancha fija,197346.0
464,2018,1,Formosa,Banda ancha fija,32328.0
465,2018,1,Jujuy,Banda ancha fija,44405.0
466,2018,1,La Pampa,Banda ancha fija,82668.0
467,2018,1,La Rioja,Banda ancha fija,52228.0
468,2018,1,Mendoza,Banda ancha fija,199463.0
469,2018,1,Misiones,Banda ancha fija,103580.0
470,2018,1,Neuquén,Banda ancha fija,115897.0
471,2018,1,Río Negro,Banda ancha fija,110057.0
472,2018,1,Salta,Banda ancha fija,133182.0
473,2018,1,San Juan,Banda ancha fija,62610.0
474,2018,1,San Luis,Banda ancha fija,21096.0
475,2018,1,Santa Cruz,Banda ancha fija,33970.0
476,2018,1,Santa Fe,Banda ancha fija,679717.0
477,2018,1,Santiago Del Estero,Banda ancha fija,82916.0
478,2018,1,Tierra Del Fuego,Banda ancha fija,31106.0
479,2018,1,Tucumán,Banda ancha fija,168026.0
480,2017,4,Buenos Aires,Banda ancha fija,3171206.0
481,2017,4,Capital Federal,Banda ancha fija,1575418.0
482,2017,4,Catamarca,Banda ancha fija,29548.0
483,2017,4,Chaco,Banda ancha fija,96603.0
484,2017,4,Chubut,Banda ancha fija,91012.0
485,2017,4,Córdoba,Banda ancha fija,709874.0
486,2017,4,Corrientes,Banda ancha fija,93760.0
487,2017,4,Entre Ríos,Banda ancha fija,193654.0
488,2017,4,Formosa,Banda ancha fija,32056.0
489,2017,4,Jujuy,Banda ancha fija,43551.0
490,2017,4,La Pampa,Banda ancha fija,81675.0
491,2017,4,La Rioja,Banda ancha fija,52177.0
492,2017,4,Mendoza,Banda ancha fija,178661.0
493,2017,4,Misiones,Banda ancha fija,103895.0
494,2017,4,Neuquén,Banda ancha fija,114965.0
495,2017,4,Río Negro,Banda ancha fija,108702.0
496,2017,4,Salta,Banda ancha fija,132811.0
497,2017,4,San Juan,Banda ancha fija,57965.0
498,2017,4,San Luis,Banda ancha fija,14604.0
499,2017,4,Santa Cruz,Banda ancha fija,29018.0
500,2017,4,Santa Fe,Banda ancha fija,672137.0
501,2017,4,Santiago Del Estero,Banda ancha fija,68842.0
502,2017,4,Tierra Del Fuego,Banda ancha fija,28346.0
503,2017,4,Tucumán,Banda ancha fija,162298.0
504,2017,3,Buenos Aires,Banda ancha fija,3046758.0
505,2017,3,Capital Federal,Banda ancha fija,1563289.0
506,2017,3,Catamarca,Banda ancha fija,33467.0
507,2017,3,Chaco,Banda ancha fija,93747.0
508,2017,3,Chubut,Banda ancha fija,81067.0
509,2017,3,Córdoba,Banda ancha fija,696536.0
510,2017,3,Corrientes,Banda ancha fija,92536.0
511,2017,3,Entre Ríos,Banda ancha fija,185414.0
512,2017,3,Formosa,Banda ancha fija,32105.0
513,2017,3,Jujuy,Banda ancha fija,43241.0
514,2017,3,La Pampa,Banda ancha fija,79280.0
515,2017,3,La Rioja,Banda ancha fija,51896.0
516,2017,3,Mendoza,Banda ancha fija,190958.0
517,2017,3,Misiones,Banda ancha fija,100476.0
518,2017,3,Neuquén,Banda ancha fija,113755.0
519,2017,3,Río Negro,Banda ancha fija,106393.0
520,2017,3,Salta,Banda ancha fija,132517.0
521,2017,3,San Juan,Banda ancha fija,61789.0
522,2017,3,San Luis,Banda ancha fija,21408.0
523,2017,3,Santa Cruz,Banda ancha fija,33222.0
524,2017,3,Santa Fe,Banda ancha fija,662086.0
525,2017,3,Santiago Del Estero,Banda ancha fija,82792.0
526,2017,3,Tierra Del Fuego,Banda ancha fija,30883.0
527,2017,3,Tucumán,Banda ancha fija,160979.0
528,2017,2,Buenos Aires,Banda ancha fija,3067430.0
529,2017,2,Capital Federal,Banda ancha fija,1592175.0
530,2017,2,Catamarca,Banda ancha fija,26692.0
531,2017,2,Chaco,Banda ancha fija,90597.0
532,2017,2,Chubut,Banda ancha fija,62245.0
533,2017,2,Córdoba,Banda ancha fija,657505.0
534,2017,2,Corrientes,Banda ancha fija,90085.0
535,2017,2,Entre Ríos,Banda ancha fija,182675.0
536,2017,2,Formosa,Banda ancha fija,29956.0
537,2017,2,Jujuy,Banda ancha fija,42656.0
538,2017,2,La Pampa,Banda ancha fija,72573.0
539,2017,2,La Rioja,Banda ancha fija,16271.0
540,2017,2,Mendoza,Banda ancha fija,169302.0
541,2017,2,Misiones,Banda ancha fija,99794.0
542,2017,2,Neuquén,Banda ancha fija,115321.0
543,2017,2,Río Negro,Banda ancha fija,100621.0
544,2017,2,Salta,Banda ancha fija,108540.0
545,2017,2,San Juan,Banda ancha fija,51261.0
546,2017,2,San Luis,Banda ancha fija,12992.0
547,2017,2,Santa Cruz,Banda ancha fija,26019.0
548,2017,2,Santa Fe,Banda ancha fija,566918.0
549,2017,2,Santiago Del Estero,Banda ancha fija,33194.0
550,2017,2,Tierra Del Fuego,Banda ancha fija,31938.0
551,2017,2,Tucumán,Banda ancha fija,154374.0
552,2017,1,Buenos Aires,Banda ancha fija,3178174.0
553,2017,1,Capital Federal,Banda ancha fija,1391030.0
554,2017,1,Catamarca,Banda ancha fija,26304.0
555,2017,1,Chaco,Banda ancha fija,89036.0
556,2017,1,Chubut,Banda ancha fija,62166.0
557,2017,1,Córdoba,Banda ancha fija,641066.0
558,2017,1,Corrientes,Banda ancha fija,88596.0
559,2017,1,Entre Ríos,Banda ancha fija,180296.0
560,2017,1,Formosa,Banda ancha fija,29705.0
561,2017,1,Jujuy,Banda ancha fija,43202.0
562,2017,1,La Pampa,Banda ancha fija,71458.0
563,2017,1,La Rioja,Banda ancha fija,16207.0
564,2017,1,Mendoza,Banda ancha fija,169282.0
565,2017,1,Misiones,Banda ancha fija,97619.0
566,2017,1,Neuquén,Banda ancha fija,113227.0
567,2017,1,Río Negro,Banda ancha fija,100288.0
568,2017,1,Salta,Banda ancha fija,107632.0
569,2017,1,San Juan,Banda ancha fija,51253.0
570,2017,1,San Luis,Banda ancha fija,12992.0
571,2017,1,Santa Cruz,Banda ancha fija,26116.0
572,2017,1,Santa Fe,Banda ancha fija,562520.0
573,2017,1,Santiago Del Estero,Banda ancha fija,34473.0
574,2017,1,Tierra Del Fuego,Banda ancha fija,31938.0
575,2017,1,Tucumán,Banda ancha fija,152734.0
576,2016,4,Buenos Aires,Banda ancha fija,3131499.0
577,2016,4,Capital Federal,Banda ancha fija,1393443.0
578,2016,4,Catamarca,Banda ancha fija,27021.0
579,2016,4,Chaco,Banda ancha fija,88833.0
580,2016,4,Chubut,Banda ancha fija,62035.0
581,2016,4,Córdoba,Banda ancha fija,636422.0
582,2016,4,Corrientes,Banda ancha fija,88084.0
583,2016,4,Entre Ríos,Banda ancha fija,180188.0
584,2016,4,Formosa,Banda ancha fija,29513.0
585,2016,4,Jujuy,Banda ancha fija,42624.0
586,2016,4,La Pampa,Banda ancha fija,71368.0
587,2016,4,La Rioja,Banda ancha fija,16298.0
588,2016,4,Mendoza,Banda ancha fija,169274.0
589,2016,4,Misiones,Banda ancha fija,97390.0
590,2016,4,Neuquén,Banda ancha fija,111723.0
591,2016,4,Río Negro,Banda ancha fija,100020.0
592,2016,4,Salta,Banda ancha fija,106934.0
593,2016,4,San Juan,Banda ancha fija,51301.0
594,2016,4,San Luis,Banda ancha fija,12992.0
595,2016,4,Santa Cruz,Banda ancha fija,26094.0
596,2016,4,Santa Fe,Banda ancha fija,561470.0
597,2016,4,Santiago Del Estero,Banda ancha fija,35049.0
598,2016,4,Tierra Del Fuego,Banda ancha fija,31938.0
599,2016,4,Tucumán,Banda ancha fija,151615.0
600,2016,3,Buenos Aires,Banda ancha fija,3075387.0
601,2016,3,Capital Federal,Banda ancha fija,1395053.0
602,2016,3,Catamarca,Banda ancha fija,26957.0
603,2016,3,Chaco,Banda ancha fija,89216.0
604,2016,3,Chubut,Banda ancha fija,62222.0
605,2016,3,Córdoba,Banda ancha fija,642458.0
606,2016,3,Corrientes,Banda ancha fija,88328.0
607,2016,3,Entre Ríos,Banda ancha fija,181092.0
608,2016,3,Formosa,Banda ancha fija,27716.0
609,2016,3,Jujuy,Banda ancha fija,42537.0
610,2016,3,La Pampa,Banda ancha fija,69903.0
611,2016,3,La Rioja,Banda ancha fija,16912.0
612,2016,3,Mendoza,Banda ancha fija,169174.0
613,2016,3,Misiones,Banda ancha fija,97997.0
614,2016,3,Neuquén,Banda ancha fija,110491.0
615,2016,3,Río Negro,Banda ancha fija,100024.0
616,2016,3,Salta,Banda ancha fija,107790.0
617,2016,3,San Juan,Banda ancha fija,51348.0
618,2016,3,San Luis,Banda ancha fija,12978.0
619,2016,3,Santa Cruz,Banda ancha fija,25886.0
620,2016,3,Santa Fe,Banda ancha fija,566625.0
621,2016,3,Santiago Del Estero,Banda ancha fija,35658.0
622,2016,3,Tierra Del Fuego,Banda ancha fija,31306.0
623,2016,3,Tucumán,Banda ancha fija,151282.0
624,2016,2,Buenos Aires,Banda ancha fija,3032776.0
625,2016,2,Capital Federal,Banda ancha fija,1384824.0
626,2016,2,Catamarca,Banda ancha fija,26543.0
627,2016,2,Chaco,Banda ancha fija,88235.0
628,2016,2,Chubut,Banda ancha fija,62116.0
629,2016,2,Córdoba,Banda ancha fija,634680.0
630,2016,2,Corrientes,Banda ancha fija,86932.0
631,2016,2,Entre Ríos,Banda ancha fija,178194.0
632,2016,2,Formosa,Banda ancha fija,28801.0
633,2016,2,Jujuy,Banda ancha fija,41187.0
634,2016,2,La Pampa,Banda ancha fija,68403.0
635,2016,2,La Rioja,Banda ancha fija,16718.0
636,2016,2,Mendoza,Banda ancha fija,169274.0
637,2016,2,Misiones,Banda ancha fija,95808.0
638,2016,2,Neuquén,Banda ancha fija,108224.0
639,2016,2,Río Negro,Banda ancha fija,99631.0
640,2016,2,Salta,Banda ancha fija,104929.0
641,2016,2,San Juan,Banda ancha fija,51392.0
642,2016,2,San Luis,Banda ancha fija,12939.0
643,2016,2,Santa Cruz,Banda ancha fija,25797.0
644,2016,2,Santa Fe,Banda ancha fija,563867.0
645,2016,2,Santiago Del Estero,Banda ancha fija,36958.0
646,2016,2,Tierra Del Fuego,Banda ancha fija,30740.0
647,2016,2,Tucumán,Banda ancha fija,148636.0
648,2016,1,Buenos Aires,Banda ancha fija,2929903.0
649,2016,1,Capital Federal,Banda ancha fija,1328079.0
650,2016,1,Catamarca,Banda ancha fija,26376.0
651,2016,1,Chaco,Banda ancha fija,86635.0
652,2016,1,Chubut,Banda ancha fija,62060.0
653,2016,1,Córdoba,Banda ancha fija,609692.0
654,2016,1,Corrientes,Banda ancha fija,85510.0
655,2016,1,Entre Ríos,Banda ancha fija,174634.0
656,2016,1,Formosa,Banda ancha fija,28313.0
657,2016,1,Jujuy,Banda ancha fija,40287.0
658,2016,1,La Pampa,Banda ancha fija,65442.0
659,2016,1,La Rioja,Banda ancha fija,16673.0
660,2016,1,Mendoza,Banda ancha fija,169257.0
661,2016,1,Misiones,Banda ancha fija,92951.0
662,2016,1,Neuquén,Banda ancha fija,101969.0
663,2016,1,Río Negro,Banda ancha fija,98745.0
664,2016,1,Salta,Banda ancha fija,102423.0
665,2016,1,San Juan,Banda ancha fija,51373.0
666,2016,1,San Luis,Banda ancha fija,12915.0
667,2016,1,Santa Cruz,Banda ancha fija,25931.0
668,2016,1,Santa Fe,Banda ancha fija,551378.0
669,2016,1,Santiago Del Estero,Banda ancha fija,37695.0
670,2016,1,Tierra Del Fuego,Banda ancha fija,29867.0
671,2016,1,Tucumán,Banda ancha fija,146596.0
672,2015,4,Buenos Aires,Banda ancha fija,2946743.0
673,2015,4,Capital Federal,Banda ancha fija,1360381.0
674,2015,4,Catamarca,Banda ancha fija,26459.0
675,2015,4,Chaco,Banda ancha fija,86537.0
676,2015,4,Chubut,Banda ancha fija,62279.0
677,2015,4,Córdoba,Banda ancha fija,625835.0
678,2015,4,Corrientes,Banda ancha fija,85409.0
679,2015,4,Entre Ríos,Banda ancha fija,173957.0
680,2015,4,Formosa,Banda ancha fija,28088.0
681,2015,4,Jujuy,Banda ancha fija,39922.0
682,2015,4,La Pampa,Banda ancha fija,66054.0
683,2015,4,La Rioja,Banda ancha fija,16914.0
684,2015,4,Mendoza,Banda ancha fija,169251.0
685,2015,4,Misiones,Banda ancha fija,92846.0
686,2015,4,Neuquén,Banda ancha fija,105122.0
687,2015,4,Río Negro,Banda ancha fija,98655.0
688,2015,4,Salta,Banda ancha fija,101917.0
689,2015,4,San Juan,Banda ancha fija,51408.0
690,2015,4,San Luis,Banda ancha fija,12901.0
691,2015,4,Santa Cruz,Banda ancha fija,26047.0
692,2015,4,Santa Fe,Banda ancha fija,561045.0
693,2015,4,Santiago Del Estero,Banda ancha fija,39132.0
694,2015,4,Tierra Del Fuego,Banda ancha fija,29334.0
695,2015,4,Tucumán,Banda ancha fija,146053.0
696,2015,3,Buenos Aires,Banda ancha fija,2916070.0
697,2015,3,Capital Federal,Banda ancha fija,1362193.0
698,2015,3,Catamarca,Banda ancha fija,26080.0
699,2015,3,Chaco,Banda ancha fija,85354.0
700,2015,3,Chubut,Banda ancha fija,62143.0
701,2015,3,Córdoba,Banda ancha fija,622761.0
702,2015,3,Corrientes,Banda ancha fija,84931.0
703,2015,3,Entre Ríos,Banda ancha fija,172252.0
704,2015,3,Formosa,Banda ancha fija,27751.0
705,2015,3,Jujuy,Banda ancha fija,39548.0
706,2015,3,La Pampa,Banda ancha fija,64976.0
707,2015,3,La Rioja,Banda ancha fija,16753.0
708,2015,3,Mendoza,Banda ancha fija,169261.0
709,2015,3,Misiones,Banda ancha fija,91615.0
710,2015,3,Neuquén,Banda ancha fija,98376.0
711,2015,3,Río Negro,Banda ancha fija,98529.0
712,2015,3,Salta,Banda ancha fija,100570.0
713,2015,3,San Juan,Banda ancha fija,51409.0
714,2015,3,San Luis,Banda ancha fija,12902.0
715,2015,3,Santa Cruz,Banda ancha fija,25912.0
716,2015,3,Santa Fe,Banda ancha fija,556097.0
717,2015,3,Santiago Del Estero,Banda ancha fija,39394.0
718,2015,3,Tierra Del Fuego,Banda ancha fija,33118.0
719,2015,3,Tucumán,Banda ancha fija,144272.0
720,2015,2,Buenos Aires,Banda ancha fija,2871079.0
721,2015,2,Capital Federal,Banda ancha fija,1336391.0
722,2015,2,Catamarca,Banda ancha fija,25666.0
723,2015,2,Chaco,Banda ancha fija,83832.0
724,2015,2,Chubut,Banda ancha fija,61745.0
725,2015,2,Córdoba,Banda ancha fija,609510.0
726,2015,2,Corrientes,Banda ancha fija,83288.0
727,2015,2,Entre Ríos,Banda ancha fija,169309.0
728,2015,2,Formosa,Banda ancha fija,27013.0
729,2015,2,Jujuy,Banda ancha fija,37720.0
730,2015,2,La Pampa,Banda ancha fija,63552.0
731,2015,2,La Rioja,Banda ancha fija,16491.0
732,2015,2,Mendoza,Banda ancha fija,169259.0
733,2015,2,Misiones,Banda ancha fija,88512.0
734,2015,2,Neuquén,Banda ancha fija,95644.0
735,2015,2,Río Negro,Banda ancha fija,97640.0
736,2015,2,Salta,Banda ancha fija,98264.0
737,2015,2,San Juan,Banda ancha fija,51367.0
738,2015,2,San Luis,Banda ancha fija,12904.0
739,2015,2,Santa Cruz,Banda ancha fija,25384.0
740,2015,2,Santa Fe,Banda ancha fija,545739.0
741,2015,2,Santiago Del Estero,Banda ancha fija,39375.0
742,2015,2,Tierra Del Fuego,Banda ancha fija,32960.0
743,2015,2,Tucumán,Banda ancha fija,140635.0
744,2015,1,Buenos Aires,Banda ancha fija,2847076.0
745,2015,1,Capital Federal,Banda ancha fija,1321139.0
746,2015,1,Catamarca,Banda ancha fija,25312.0
747,2015,1,Chaco,Banda ancha fija,81329.0
748,2015,1,Chubut,Banda ancha fija,63327.0
749,2015,1,Córdoba,Banda ancha fija,596663.0
750,2015,1,Corrientes,Banda ancha fija,81488.0
751,2015,1,Entre Ríos,Banda ancha fija,165839.0
752,2015,1,Formosa,Banda ancha fija,26657.0
753,2015,1,Jujuy,Banda ancha fija,36608.0
754,2015,1,La Pampa,Banda ancha fija,62155.0
755,2015,1,La Rioja,Banda ancha fija,16310.0
756,2015,1,Mendoza,Banda ancha fija,168355.0
757,2015,1,Misiones,Banda ancha fija,85139.0
758,2015,1,Neuquén,Banda ancha fija,93373.0
759,2015,1,Río Negro,Banda ancha fija,96145.0
760,2015,1,Salta,Banda ancha fija,96793.0
761,2015,1,San Juan,Banda ancha fija,51117.0
762,2015,1,San Luis,Banda ancha fija,12878.0
763,2015,1,Santa Cruz,Banda ancha fija,26217.0
764,2015,1,Santa Fe,Banda ancha fija,535640.0
765,2015,1,Santiago Del Estero,Banda ancha fija,39244.0
766,2015,1,Tierra Del Fuego,Banda ancha fija,32726.0
767,2015,1,Tucumán,Banda ancha fija,138184.0
768,2014,4,Buenos Aires,Banda ancha fija,2801178.0
769,2014,4,Capital Federal,Banda ancha fija,1318526.0
770,2014,4,Catamarca,Banda ancha fija,25472.0
771,2014,4,Chaco,Banda ancha fija,65998.0
772,2014,4,Chubut,Banda ancha fija,66557.0
773,2014,4,Córdoba,Banda ancha fija,590113.0
774,2014,4,Corrientes,Banda ancha fija,65656.0
775,2014,4,Entre Ríos,Banda ancha fija,140567.0
776,2014,4,Formosa,Banda ancha fija,26156.0
777,2014,4,Jujuy,Banda ancha fija,35999.0
778,2014,4,La Pampa,Banda ancha fija,56813.0
779,2014,4,La Rioja,Banda ancha fija,16379.0
780,2014,4,Mendoza,Banda ancha fija,167766.0
781,2014,4,Misiones,Banda ancha fija,77222.0
782,2014,4,Neuquén,Banda ancha fija,92999.0
783,2014,4,Río Negro,Banda ancha fija,95050.0
784,2014,4,Salta,Banda ancha fija,93921.0
785,2014,4,San Juan,Banda ancha fija,51390.0
786,2014,4,San Luis,Banda ancha fija,12788.0
787,2014,4,Santa Cruz,Banda ancha fija,25277.0
788,2014,4,Santa Fe,Banda ancha fija,528459.0
789,2014,4,Santiago Del Estero,Banda ancha fija,39308.0
790,2014,4,Tierra Del Fuego,Banda ancha fija,28249.0
791,2014,4,Tucumán,Banda ancha fija,137329.0
792,2014,3,Buenos Aires,Banda ancha fija,2835537.0
793,2014,3,Capital Federal,Banda ancha fija,1307195.0
794,2014,3,Catamarca,Banda ancha fija,24665.0
795,2014,3,Chaco,Banda ancha fija,63710.0
796,2014,3,Chubut,Banda ancha fija,67130.0
797,2014,3,Córdoba,Banda ancha fija,585231.0
798,2014,3,Corrientes,Banda ancha fija,63516.0
799,2014,3,Entre Ríos,Banda ancha fija,136618.0
800,2014,3,Formosa,Banda ancha fija,25873.0
801,2014,3,Jujuy,Banda ancha fija,33739.0
802,2014,3,La Pampa,Banda ancha fija,61861.0
803,2014,3,La Rioja,Banda ancha fija,15893.0
804,2014,3,Mendoza,Banda ancha fija,166184.0
805,2014,3,Misiones,Banda ancha fija,75327.0
806,2014,3,Neuquén,Banda ancha fija,100099.0
807,2014,3,Río Negro,Banda ancha fija,96629.0
808,2014,3,Salta,Banda ancha fija,92929.0
809,2014,3,San Juan,Banda ancha fija,51031.0
810,2014,3,San Luis,Banda ancha fija,12683.0
811,2014,3,Santa Cruz,Banda ancha fija,25664.0
812,2014,3,Santa Fe,Banda ancha fija,520196.0
813,2014,3,Santiago Del Estero,Banda ancha fija,37539.0
814,2014,3,Tierra Del Fuego,Banda ancha fija,28037.0
815,2014,3,Tucumán,Banda ancha fija,131978.0
816,2014,2,Buenos Aires,Banda ancha fija,2750430.0
817,2014,2,Capital Federal,Banda ancha fija,1299502.0
818,2014,2,Catamarca,Banda ancha fija,24660.0
819,2014,2,Chaco,Banda ancha fija,63243.0
820,2014,2,Chubut,Banda ancha fija,68503.0
821,2014,2,Córdoba,Banda ancha fija,576747.0
822,2014,2,Corrientes,Banda ancha fija,62925.0
823,2014,2,Entre Ríos,Banda ancha fija,135468.0
824,2014,2,Formosa,Banda ancha fija,25535.0
825,2014,2,Jujuy,Banda ancha fija,34359.0
826,2014,2,La Pampa,Banda ancha fija,55048.0
827,2014,2,La Rioja,Banda ancha fija,15889.0
828,2014,2,Mendoza,Banda ancha fija,165046.0
829,2014,2,Misiones,Banda ancha fija,74689.0
830,2014,2,Neuquén,Banda ancha fija,90053.0
831,2014,2,Río Negro,Banda ancha fija,94812.0
832,2014,2,Salta,Banda ancha fija,91949.0
833,2014,2,San Juan,Banda ancha fija,50891.0
834,2014,2,San Luis,Banda ancha fija,12691.0
835,2014,2,Santa Cruz,Banda ancha fija,26710.0
836,2014,2,Santa Fe,Banda ancha fija,511753.0
837,2014,2,Santiago Del Estero,Banda ancha fija,38002.0
838,2014,2,Tierra Del Fuego,Banda ancha fija,27443.0
839,2014,2,Tucumán,Banda ancha fija,131981.0
840,2014,1,Buenos Aires,Banda ancha fija,2725732.0
841,2014,1,Capital Federal,Banda ancha fija,1289204.0
842,2014,1,Catamarca,Banda ancha fija,24209.0
843,2014,1,Chaco,Banda ancha fija,62520.0
844,2014,1,Chubut,Banda ancha fija,68205.0
845,2014,1,Córdoba,Banda ancha fija,566705.0
846,2014,1,Corrientes,Banda ancha fija,62203.0
847,2014,1,Entre Ríos,Banda ancha fija,134216.0
848,2014,1,Formosa,Banda ancha fija,25335.0
849,2014,1,Jujuy,Banda ancha fija,33825.0
850,2014,1,La Pampa,Banda ancha fija,53601.0
851,2014,1,La Rioja,Banda ancha fija,15688.0
852,2014,1,Mendoza,Banda ancha fija,164084.0
853,2014,1,Misiones,Banda ancha fija,73950.0
854,2014,1,Neuquén,Banda ancha fija,88077.0
855,2014,1,Río Negro,Banda ancha fija,93909.0
856,2014,1,Salta,Banda ancha fija,91265.0
857,2014,1,San Juan,Banda ancha fija,50543.0
858,2014,1,San Luis,Banda ancha fija,12193.0
859,2014,1,Santa Cruz,Banda ancha fija,26304.0
860,2014,1,Santa Fe,Banda ancha fija,506000.0
861,2014,1,Santiago Del Estero,Banda ancha fija,37124.0
862,2014,1,Tierra Del Fuego,Banda ancha fija,27272.0
863,2014,1,Tucumán,Banda ancha fija,129944.0
864,2022,4,Buenos Aires,Dial up,6199.0
865,2022,4,Capital Federal,Dial up,2145.0
866,2022,4,Catamarca,Dial up,1.0
867,2022,4,Chaco,Dial up,5.0
868,2022,4,Chubut,Dial up,904.0
869,2022,4,Córdoba,Dial up,68.0
870,2022,4,Corrientes,Dial up,4.0
871,2022,4,Entre Ríos,Dial up,22.0
872,2022,4,Formosa,Dial up,0.0
873,2022,4,Jujuy,Dial up,0.0
874,2022,4,La Pampa,Dial up,171.0
875,2022,4,La Rioja,Dial up,4.0
876,2022,4,Mendoza,Dial up,777.0
877,2022,4,Misiones,Dial up,0.0
878,2022,4,Neuquén,Dial up,468.0
879,2022,4,Río Negro,Dial up,548.0
880,2022,4,Salta,Dial up,5.0
881,2022,4,San Juan,Dial up,281.0
882,2022,4,San Luis,Dial up,192.0
883,2022,4,Santa Cruz,Dial up,198.0
884,2022,4,Santa Fe,Dial up,110.0
885,2022,4,Santiago Del Estero,Dial up,2.0
886,2022,4,Tierra Del Fuego,Dial up,312.0
887,2022,4,Tucumán,Dial up,30.0
888,2022,3,Buenos Aires,Dial up,6199.0
889,2022,3,Capital Federal,Dial up,2145.0
890,2022,3,Catamarca,Dial up,1.0
891,2022,3,Chaco,Dial up,5.0
892,2022,3,Chubut,Dial up,904.0
893,2022,3,Córdoba,Dial up,68.0
894,2022,3,Corrientes,Dial up,4.0
895,2022,3,Entre Ríos,Dial up,22.0
896,2022,3,Formosa,Dial up,1.0
897,2022,3,Jujuy,Dial up,0.0
898,2022,3,La Pampa,Dial up,171.0
899,2022,3,La Rioja,Dial up,4.0
900,2022,3,Mendoza,Dial up,777.0
901,2022,3,Misiones,Dial up,0.0
902,2022,3,Neuquén,Dial up,468.0
903,2022,3,Río Negro,Dial up,548.0
904,2022,3,Salta,Dial up,5.0
905,2022,3,San Juan,Dial up,281.0
906,2022,3,San Luis,Dial up,182.0
907,2022,3,Santa Cruz,Dial up,198.0
908,2022,3,Santa Fe,Dial up,110.0
909,2022,3,Santiago Del Estero,Dial up,2.0
910,2022,3,Tierra Del Fuego,Dial up,312.0
911,2022,3,Tucumán,Dial up,30.0
912,2022,2,Buenos Aires,Dial up,6199.0
913,2022,2,Capital Federal,Dial up,2145.0
914,2022,2,Catamarca,Dial up,1.0
915,2022,2,Chaco,Dial up,5.0
916,2022,2,Chubut,Dial up,904.0
917,2022,2,Córdoba,Dial up,68.0
918,2022,2,Corrientes,Dial up,4.0
919,2022,2,Entre Ríos,Dial up,22.0
920,2022,2,Formosa,Dial up,0.0
921,2022,2,Jujuy,Dial up,0.0
922,2022,2,La Pampa,Dial up,171.0
923,2022,2,La Rioja,Dial up,4.0
924,2022,2,Mendoza,Dial up,777.0
925,2022,2,Misiones,Dial up,0.0
926,2022,2,Neuquén,Dial up,468.0
927,2022,2,Río Negro,Dial up,548.0
928,2022,2,Salta,Dial up,5.0
929,2022,2,San Juan,Dial up,281.0
930,2022,2,San Luis,Dial up,182.0
931,2022,2,Santa Cruz,Dial up,198.0
932,2022,2,Santa Fe,Dial up,110.0
933,2022,2,Santiago Del Estero,Dial up,2.0
934,2022,2,Tierra Del Fuego,Dial up,312.0
935,2022,2,Tucumán,Dial up,30.0
936,2022,1,Buenos Aires,Dial up,6293.0
937,2022,1,Capital Federal,Dial up,2163.0
938,2022,1,Catamarca,Dial up,1.0
939,2022,1,Chaco,Dial up,5.0
940,2022,1,Chubut,Dial up,927.0
941,2022,1,Córdoba,Dial up,74.0
942,2022,1,Corrientes,Dial up,4.0
943,2022,1,Entre Ríos,Dial up,22.0
944,2022,1,Formosa,Dial up,0.0
945,2022,1,Jujuy,Dial up,0.0
946,2022,1,La Pampa,Dial up,172.0
947,2022,1,La Rioja,Dial up,4.0
948,2022,1,Mendoza,Dial up,786.0
949,2022,1,Misiones,Dial up,0.0
950,2022,1,Neuquén,Dial up,471.0
951,2022,1,Río Negro,Dial up,553.0
952,2022,1,Salta,Dial up,5.0
953,2022,1,San Juan,Dial up,290.0
954,2022,1,San Luis,Dial up,185.0
955,2022,1,Santa Cruz,Dial up,204.0
956,2022,1,Santa Fe,Dial up,115.0
957,2022,1,Santiago Del Estero,Dial up,2.0
958,2022,1,Tierra Del Fuego,Dial up,313.0
959,2022,1,Tucumán,Dial up,30.0
960,2021,4,Buenos Aires,Dial up,6385.0
961,2021,4,Capital Federal,Dial up,2184.0
962,2021,4,Catamarca,Dial up,1.0
963,2021,4,Chaco,Dial up,5.0
964,2021,4,Chubut,Dial up,944.0
965,2021,4,Córdoba,Dial up,77.0
966,2021,4,Corrientes,Dial up,4.0
967,2021,4,Entre Ríos,Dial up,22.0
968,2021,4,Formosa,Dial up,0.0
969,2021,4,Jujuy,Dial up,0.0
970,2021,4,La Pampa,Dial up,173.0
971,2021,4,La Rioja,Dial up,4.0
972,2021,4,Mendoza,Dial up,804.0
973,2021,4,Misiones,Dial up,0.0
974,2021,4,Neuquén,Dial up,477.0
975,2021,4,Río Negro,Dial up,564.0
976,2021,4,Salta,Dial up,6.0
977,2021,4,San Juan,Dial up,291.0
978,2021,4,San Luis,Dial up,187.0
979,2021,4,Santa Cruz,Dial up,210.0
980,2021,4,Santa Fe,Dial up,176.0
981,2021,4,Santiago Del Estero,Dial up,2.0
982,2021,4,Tierra Del Fuego,Dial up,315.0
983,2021,4,Tucumán,Dial up,30.0
984,2021,3,Buenos Aires,Dial up,5184.0
985,2021,3,Capital Federal,Dial up,1608.0
986,2021,3,Catamarca,Dial up,1.0
987,2021,3,Chaco,Dial up,3.0
988,2021,3,Chubut,Dial up,800.0
989,2021,3,Córdoba,Dial up,62.0
990,2021,3,Corrientes,Dial up,3.0
991,2021,3,Entre Ríos,Dial up,15.0
992,2021,3,Formosa,Dial up,0.0
993,2021,3,Jujuy,Dial up,0.0
994,2021,3,La Pampa,Dial up,116.0
995,2021,3,La Rioja,Dial up,3.0
996,2021,3,Mendoza,Dial up,619.0
997,2021,3,Misiones,Dial up,0.0
998,2021,3,Neuquén,Dial up,373.0
999,2021,3,Río Negro,Dial up,501.0
1000,2021,3,Salta,Dial up,2.0
1001,2021,3,San Juan,Dial up,256.0
1002,2021,3,San Luis,Dial up,148.0
1003,2021,3,Santa Cruz,Dial up,197.0
1004,2021,3,Santa Fe,Dial up,151.0
1005,2021,3,Santiago Del Estero,Dial up,1.0
1006,2021,3,Tierra Del Fuego,Dial up,289.0
1007,2021,3,Tucumán,Dial up,25.0
1008,2021,2,Buenos Aires,Dial up,5184.0
1009,2021,2,Capital Federal,Dial up,1608.0
1010,2021,2,Catamarca,Dial up,1.0
1011,2021,2,Chaco,Dial up,3.0
1012,2021,2,Chubut,Dial up,825.0
1013,2021,2,Córdoba,Dial up,62.0
1014,2021,2,Corrientes,Dial up,3.0
1015,2021,2,Entre Ríos,Dial up,15.0
1016,2021,2,Formosa,Dial up,0.0
1017,2021,2,Jujuy,Dial up,0.0
1018,2021,2,La Pampa,Dial up,116.0
1019,2021,2,La Rioja,Dial up,3.0
1020,2021,2,Mendoza,Dial up,619.0
1021,2021,2,Misiones,Dial up,0.0
1022,2021,2,Neuquén,Dial up,373.0
1023,2021,2,Río Negro,Dial up,501.0
1024,2021,2,Salta,Dial up,2.0
1025,2021,2,San Juan,Dial up,256.0
1026,2021,2,San Luis,Dial up,148.0
1027,2021,2,Santa Cruz,Dial up,197.0
1028,2021,2,Santa Fe,Dial up,151.0
1029,2021,2,Santiago Del Estero,Dial up,1.0
1030,2021,2,Tierra Del Fuego,Dial up,289.0
1031,2021,2,Tucumán,Dial up,25.0
1032,2021,1,Buenos Aires,Dial up,5066.0
1033,2021,1,Capital Federal,Dial up,1390.0
1034,2021,1,Catamarca,Dial up,1.0
1035,2021,1,Chaco,Dial up,3.0
1036,2021,1,Chubut,Dial up,825.0
1037,2021,1,Córdoba,Dial up,55.0
1038,2021,1,Corrientes,Dial up,3.0
1039,2021,1,Entre Ríos,Dial up,13.0
1040,2021,1,Formosa,Dial up,0.0
1041,2021,1,Jujuy,Dial up,0.0
1042,2021,1,La Pampa,Dial up,116.0
1043,2021,1,La Rioja,Dial up,3.0
1044,2021,1,Mendoza,Dial up,615.0
1045,2021,1,Misiones,Dial up,0.0
1046,2021,1,Neuquén,Dial up,373.0
1047,2021,1,Río Negro,Dial up,501.0
1048,2021,1,Salta,Dial up,2.0
1049,2021,1,San Juan,Dial up,256.0
1050,2021,1,San Luis,Dial up,148.0
1051,2021,1,Santa Cruz,Dial up,197.0
1052,2021,1,Santa Fe,Dial up,137.0
1053,2021,1,Santiago Del Estero,Dial up,1.0
1054,2021,1,Tierra Del Fuego,Dial up,289.0
1055,2021,1,Tucumán,Dial up,22.0
1056,2020,4,Buenos Aires,Dial up,5066.0
1057,2020,4,Capital Federal,Dial up,1390.0
1058,2020,4,Catamarca,Dial up,1.0
1059,2020,4,Chaco,Dial up,3.0
1060,2020,4,Chubut,Dial up,825.0
1061,2020,4,Córdoba,Dial up,55.0
1062,2020,4,Corrientes,Dial up,3.0
1063,2020,4,Entre Ríos,Dial up,13.0
1064,2020,4,Formosa,Dial up,0.0
1065,2020,4,Jujuy,Dial up,0.0
1066,2020,4,La Pampa,Dial up,116.0
1067,2020,4,La Rioja,Dial up,3.0
1068,2020,4,Mendoza,Dial up,615.0
1069,2020,4,Misiones,Dial up,0.0
1070,2020,4,Neuquén,Dial up,373.0
1071,2020,4,Río Negro,Dial up,501.0
1072,2020,4,Salta,Dial up,2.0
1073,2020,4,San Juan,Dial up,256.0
1074,2020,4,San Luis,Dial up,148.0
1075,2020,4,Santa Cruz,Dial up,197.0
1076,2020,4,Santa Fe,Dial up,137.0
1077,2020,4,Santiago Del Estero,Dial up,1.0
1078,2020,4,Tierra Del Fuego,Dial up,289.0
1079,2020,4,Tucumán,Dial up,22.0
1080,2020,3,Buenos Aires,Dial up,5066.0
1081,2020,3,Capital Federal,Dial up,1390.0
1082,2020,3,Catamarca,Dial up,1.0
1083,2020,3,Chaco,Dial up,3.0
1084,2020,3,Chubut,Dial up,825.0
1085,2020,3,Córdoba,Dial up,55.0
1086,2020,3,Corrientes,Dial up,3.0
1087,2020,3,Entre Ríos,Dial up,13.0
1088,2020,3,Formosa,Dial up,0.0
1089,2020,3,Jujuy,Dial up,0.0
1090,2020,3,La Pampa,Dial up,116.0
1091,2020,3,La Rioja,Dial up,3.0
1092,2020,3,Mendoza,Dial up,615.0
1093,2020,3,Misiones,Dial up,0.0
1094,2020,3,Neuquén,Dial up,373.0
1095,2020,3,Río Negro,Dial up,501.0
1096,2020,3,Salta,Dial up,2.0
1097,2020,3,San Juan,Dial up,256.0
1098,2020,3,San Luis,Dial up,148.0
1099,2020,3,Santa Cruz,Dial up,197.0
1100,2020,3,Santa Fe,Dial up,137.0
1101,2020,3,Santiago Del Estero,Dial up,1.0
1102,2020,3,Tierra Del Fuego,Dial up,289.0
1103,2020,3,Tucumán,Dial up,22.0
1104,2020,2,Buenos Aires,Dial up,5066.0
1105,2020,2,Capital Federal,Dial up,1390.0
1106,2020,2,Catamarca,Dial up,1.0
1107,2020,2,Chaco,Dial up,3.0
1108,2020,2,Chubut,Dial up,825.0
1109,2020,2,Córdoba,Dial up,55.0
1110,2020,2,Corrientes,Dial up,3.0
1111,2020,2,Entre Ríos,Dial up,13.0
1112,2020,2,Formosa,Dial up,0.0
1113,2020,2,Jujuy,Dial up,0.0
1114,2020,2,La Pampa,Dial up,116.0
1115,2020,2,La Rioja,Dial up,3.0
1116,2020,2,Mendoza,Dial up,615.0
1117,2020,2,Misiones,Dial up,0.0
1118,2020,2,Neuquén,Dial up,373.0
1119,2020,2,Río Negro,Dial up,501.0
1120,2020,2,Salta,Dial up,2.0
1121,2020,2,San Juan,Dial up,256.0
1122,2020,2,San Luis,Dial up,148.0
1123,2020,2,Santa Cruz,Dial up,197.0
1124,2020,2,Santa Fe,Dial up,137.0
1125,2020,2,Santiago Del Estero,Dial up,1.0
1126,2020,2,Tierra Del Fuego,Dial up,289.0
1127,2020,2,Tucumán,Dial up,22.0
1128,2020,1,Buenos Aires,Dial up,5066.0
1129,2020,1,Capital Federal,Dial up,1390.0
1130,2020,1,Catamarca,Dial up,1.0
1131,2020,1,Chaco,Dial up,3.0
1132,2020,1,Chubut,Dial up,800.0
1133,2020,1,Córdoba,Dial up,55.0
1134,2020,1,Corrientes,Dial up,3.0
1135,2020,1,Entre Ríos,Dial up,13.0
1136,2020,1,Formosa,Dial up,0.0
1137,2020,1,Jujuy,Dial up,0.0
1138,2020,1,La Pampa,Dial up,116.0
1139,2020,1,La Rioja,Dial up,3.0
1140,2020,1,Mendoza,Dial up,615.0
1141,2020,1,Misiones,Dial up,0.0
1142,2020,1,Neuquén,Dial up,373.0
1143,2020,1,Río Negro,Dial up,501.0
1144,2020,1,Salta,Dial up,2.0
1145,2020,1,San Juan,Dial up,256.0
1146,2020,1,San Luis,Dial up,148.0
1147,2020,1,Santa Cruz,Dial up,197.0
1148,2020,1,Santa Fe,Dial up,137.0
1149,2020,1,Santiago Del Estero,Dial up,1.0
1150,2020,1,Tierra Del Fuego,Dial up,289.0
1151,2020,1,Tucumán,Dial up,22.0
1152,2019,4,Buenos Aires,Dial up,5134.0
1153,2019,4,Capital Federal,Dial up,1410.0
1154,2019,4,Catamarca,Dial up,1.0
1155,2019,4,Chaco,Dial up,3.0
1156,2019,4,Chubut,Dial up,810.0
1157,2019,4,Córdoba,Dial up,55.0
1158,2019,4,Corrientes,Dial up,3.0
1159,2019,4,Entre Ríos,Dial up,13.0
1160,2019,4,Formosa,Dial up,0.0
1161,2019,4,Jujuy,Dial up,0.0
1162,2019,4,La Pampa,Dial up,119.0
1163,2019,4,La Rioja,Dial up,3.0
1164,2019,4,Mendoza,Dial up,623.0
1165,2019,4,Misiones,Dial up,0.0
1166,2019,4,Neuquén,Dial up,376.0
1167,2019,4,Río Negro,Dial up,504.0
1168,2019,4,Salta,Dial up,2.0
1169,2019,4,San Juan,Dial up,259.0
1170,2019,4,San Luis,Dial up,148.0
1171,2019,4,Santa Cruz,Dial up,200.0
1172,2019,4,Santa Fe,Dial up,150.0
1173,2019,4,Santiago Del Estero,Dial up,1.0
1174,2019,4,Tierra Del Fuego,Dial up,291.0
1175,2019,4,Tucumán,Dial up,23.0
1176,2019,3,Buenos Aires,Dial up,10119.0
1177,2019,3,Capital Federal,Dial up,3477.0
1178,2019,3,Catamarca,Dial up,9.0
1179,2019,3,Chaco,Dial up,13.0
1180,2019,3,Chubut,Dial up,1524.0
1181,2019,3,Córdoba,Dial up,107.0
1182,2019,3,Corrientes,Dial up,10.0
1183,2019,3,Entre Ríos,Dial up,45.0
1184,2019,3,Formosa,Dial up,0.0
1185,2019,3,Jujuy,Dial up,1.0
1186,2019,3,La Pampa,Dial up,269.0
1187,2019,3,La Rioja,Dial up,18.0
1188,2019,3,Mendoza,Dial up,1322.0
1189,2019,3,Misiones,Dial up,0.0
1190,2019,3,Neuquén,Dial up,1986.0
1191,2019,3,Río Negro,Dial up,904.0
1192,2019,3,Salta,Dial up,1.0
1193,2019,3,San Juan,Dial up,563.0
1194,2019,3,San Luis,Dial up,291.0
1195,2019,3,Santa Cruz,Dial up,328.0
1196,2019,3,Santa Fe,Dial up,228.0
1197,2019,3,Santiago Del Estero,Dial up,2.0
1198,2019,3,Tierra Del Fuego,Dial up,544.0
1199,2019,3,Tucumán,Dial up,32.0
1200,2019,2,Buenos Aires,Dial up,10104.0
1201,2019,2,Capital Federal,Dial up,3443.0
1202,2019,2,Catamarca,Dial up,9.0
1203,2019,2,Chaco,Dial up,13.0
1204,2019,2,Chubut,Dial up,1518.0
1205,2019,2,Córdoba,Dial up,105.0
1206,2019,2,Corrientes,Dial up,10.0
1207,2019,2,Entre Ríos,Dial up,44.0
1208,2019,2,Formosa,Dial up,0.0
1209,2019,2,Jujuy,Dial up,1.0
1210,2019,2,La Pampa,Dial up,268.0
1211,2019,2,La Rioja,Dial up,18.0
1212,2019,2,Mendoza,Dial up,1322.0
1213,2019,2,Misiones,Dial up,0.0
1214,2019,2,Neuquén,Dial up,1999.0
1215,2019,2,Río Negro,Dial up,915.0
1216,2019,2,Salta,Dial up,1.0
1217,2019,2,San Juan,Dial up,564.0
1218,2019,2,San Luis,Dial up,291.0
1219,2019,2,Santa Cruz,Dial up,325.0
1220,2019,2,Santa Fe,Dial up,226.0
1221,2019,2,Santiago Del Estero,Dial up,2.0
1222,2019,2,Tierra Del Fuego,Dial up,544.0
1223,2019,2,Tucumán,Dial up,32.0
1224,2019,1,Buenos Aires,Dial up,10104.0
1225,2019,1,Capital Federal,Dial up,3443.0
1226,2019,1,Catamarca,Dial up,9.0
1227,2019,1,Chaco,Dial up,13.0
1228,2019,1,Chubut,Dial up,1518.0
1229,2019,1,Córdoba,Dial up,105.0
1230,2019,1,Corrientes,Dial up,10.0
1231,2019,1,Entre Ríos,Dial up,44.0
1232,2019,1,Formosa,Dial up,0.0
1233,2019,1,Jujuy,Dial up,1.0
1234,2019,1,La Pampa,Dial up,268.0
1235,2019,1,La Rioja,Dial up,18.0
1236,2019,1,Mendoza,Dial up,1322.0
1237,2019,1,Misiones,Dial up,0.0
1238,2019,1,Neuquén,Dial up,2056.0
1239,2019,1,Río Negro,Dial up,915.0
1240,2019,1,Salta,Dial up,1.0
1241,2019,1,San Juan,Dial up,564.0
1242,2019,1,San Luis,Dial up,291.0
1243,2019,1,Santa Cruz,Dial up,325.0
1244,2019,1,Santa Fe,Dial up,227.0
1245,2019,1,Santiago Del Estero,Dial up,2.0
1246,2019,1,Tierra Del Fuego,Dial up,544.0
1247,2019,1,Tucumán,Dial up,32.0
1248,2018,4,Buenos Aires,Dial up,10104.0
1249,2018,4,Capital Federal,Dial up,3443.0
1250,2018,4,Catamarca,Dial up,9.0
1251,2018,4,Chaco,Dial up,13.0
1252,2018,4,Chubut,Dial up,1518.0
1253,2018,4,Córdoba,Dial up,105.0
1254,2018,4,Corrientes,Dial up,10.0
1255,2018,4,Entre Ríos,Dial up,44.0
1256,2018,4,Formosa,Dial up,0.0
1257,2018,4,Jujuy,Dial up,1.0
1258,2018,4,La Pampa,Dial up,268.0
1259,2018,4,La Rioja,Dial up,18.0
1260,2018,4,Mendoza,Dial up,1322.0
1261,2018,4,Misiones,Dial up,0.0
1262,2018,4,Neuquén,Dial up,2056.0
1263,2018,4,Río Negro,Dial up,915.0
1264,2018,4,Salta,Dial up,1.0
1265,2018,4,San Juan,Dial up,564.0
1266,2018,4,San Luis,Dial up,291.0
1267,2018,4,Santa Cruz,Dial up,325.0
1268,2018,4,Santa Fe,Dial up,229.0
1269,2018,4,Santiago Del Estero,Dial up,2.0
1270,2018,4,Tierra Del Fuego,Dial up,544.0
1271,2018,4,Tucumán,Dial up,32.0
1272,2018,3,Buenos Aires,Dial up,10563.0
1273,2018,3,Capital Federal,Dial up,6686.0
1274,2018,3,Catamarca,Dial up,11.0
1275,2018,3,Chaco,Dial up,12.0
1276,2018,3,Chubut,Dial up,2426.0
1277,2018,3,Córdoba,Dial up,94.0
1278,2018,3,Corrientes,Dial up,11.0
1279,2018,3,Entre Ríos,Dial up,48.0
1280,2018,3,Formosa,Dial up,0.0
1281,2018,3,Jujuy,Dial up,1.0
1282,2018,3,La Pampa,Dial up,244.0
1283,2018,3,La Rioja,Dial up,17.0
1284,2018,3,Mendoza,Dial up,1484.0
1285,2018,3,Misiones,Dial up,0.0
1286,2018,3,Neuquén,Dial up,2005.0
1287,2018,3,Río Negro,Dial up,1059.0
1288,2018,3,Salta,Dial up,1.0
1289,2018,3,San Juan,Dial up,658.0
1290,2018,3,San Luis,Dial up,300.0
1291,2018,3,Santa Cruz,Dial up,434.0
1292,2018,3,Santa Fe,Dial up,217.0
1293,2018,3,Santiago Del Estero,Dial up,2.0
1294,2018,3,Tierra Del Fuego,Dial up,508.0
1295,2018,3,Tucumán,Dial up,31.0
1296,2018,2,Buenos Aires,Dial up,10565.0
1297,2018,2,Capital Federal,Dial up,6688.0
1298,2018,2,Catamarca,Dial up,11.0
1299,2018,2,Chaco,Dial up,12.0
1300,2018,2,Chubut,Dial up,2427.0
1301,2018,2,Córdoba,Dial up,94.0
1302,2018,2,Corrientes,Dial up,11.0
1303,2018,2,Entre Ríos,Dial up,48.0
1304,2018,2,Formosa,Dial up,0.0
1305,2018,2,Jujuy,Dial up,1.0
1306,2018,2,La Pampa,Dial up,244.0
1307,2018,2,La Rioja,Dial up,17.0
1308,2018,2,Mendoza,Dial up,1484.0
1309,2018,2,Misiones,Dial up,0.0
1310,2018,2,Neuquén,Dial up,2006.0
1311,2018,2,Río Negro,Dial up,1059.0
1312,2018,2,Salta,Dial up,1.0
1313,2018,2,San Juan,Dial up,658.0
1314,2018,2,San Luis,Dial up,300.0
1315,2018,2,Santa Cruz,Dial up,435.0
1316,2018,2,Santa Fe,Dial up,309.0
1317,2018,2,Santiago Del Estero,Dial up,2.0
1318,2018,2,Tierra Del Fuego,Dial up,508.0
1319,2018,2,Tucumán,Dial up,31.0
1320,2018,1,Buenos Aires,Dial up,10564.0
1321,2018,1,Capital Federal,Dial up,6688.0
1322,2018,1,Catamarca,Dial up,11.0
1323,2018,1,Chaco,Dial up,12.0
1324,2018,1,Chubut,Dial up,2427.0
1325,2018,1,Córdoba,Dial up,101.0
1326,2018,1,Corrientes,Dial up,11.0
1327,2018,1,Entre Ríos,Dial up,48.0
1328,2018,1,Formosa,Dial up,0.0
1329,2018,1,Jujuy,Dial up,1.0
1330,2018,1,La Pampa,Dial up,396.0
1331,2018,1,La Rioja,Dial up,17.0
1332,2018,1,Mendoza,Dial up,1484.0
1333,2018,1,Misiones,Dial up,0.0
1334,2018,1,Neuquén,Dial up,2006.0
1335,2018,1,Río Negro,Dial up,1062.0
1336,2018,1,Salta,Dial up,1.0
1337,2018,1,San Juan,Dial up,658.0
1338,2018,1,San Luis,Dial up,300.0
1339,2018,1,Santa Cruz,Dial up,435.0
1340,2018,1,Santa Fe,Dial up,309.0
1341,2018,1,Santiago Del Estero,Dial up,2.0
1342,2018,1,Tierra Del Fuego,Dial up,508.0
1343,2018,1,Tucumán,Dial up,31.0
1344,2017,4,Buenos Aires,Dial up,10690.0
1345,2017,4,Capital Federal,Dial up,6906.0
1346,2017,4,Catamarca,Dial up,10.0
1347,2017,4,Chaco,Dial up,12.0
1348,2017,4,Chubut,Dial up,2428.0
1349,2017,4,Córdoba,Dial up,105.0
1350,2017,4,Corrientes,Dial up,11.0
1351,2017,4,Entre Ríos,Dial up,49.0
1352,2017,4,Formosa,Dial up,0.0
1353,2017,4,Jujuy,Dial up,1.0
1354,2017,4,La Pampa,Dial up,396.0
1355,2017,4,La Rioja,Dial up,17.0
1356,2017,4,Mendoza,Dial up,1490.0
1357,2017,4,Misiones,Dial up,0.0
1358,2017,4,Neuquén,Dial up,2006.0
1359,2017,4,Río Negro,Dial up,1062.0
1360,2017,4,Salta,Dial up,1.0
1361,2017,4,San Juan,Dial up,659.0
1362,2017,4,San Luis,Dial up,300.0
1363,2017,4,Santa Cruz,Dial up,434.0
1364,2017,4,Santa Fe,Dial up,323.0
1365,2017,4,Santiago Del Estero,Dial up,2.0
1366,2017,4,Tierra Del Fuego,Dial up,508.0
1367,2017,4,Tucumán,Dial up,34.0
1368,2017,3,Buenos Aires,Dial up,11202.0
1369,2017,3,Capital Federal,Dial up,7070.0
1370,2017,3,Catamarca,Dial up,11.0
1371,2017,3,Chaco,Dial up,12.0
1372,2017,3,Chubut,Dial up,2477.0
1373,2017,3,Córdoba,Dial up,108.0
1374,2017,3,Corrientes,Dial up,12.0
1375,2017,3,Entre Ríos,Dial up,50.0
1376,2017,3,Formosa,Dial up,0.0
1377,2017,3,Jujuy,Dial up,1.0
1378,2017,3,La Pampa,Dial up,410.0
1379,2017,3,La Rioja,Dial up,17.0
1380,2017,3,Mendoza,Dial up,1533.0
1381,2017,3,Misiones,Dial up,0.0
1382,2017,3,Neuquén,Dial up,2029.0
1383,2017,3,Río Negro,Dial up,1103.0
1384,2017,3,Salta,Dial up,1.0
1385,2017,3,San Juan,Dial up,660.0
1386,2017,3,San Luis,Dial up,311.0
1387,2017,3,Santa Cruz,Dial up,468.0
1388,2017,3,Santa Fe,Dial up,256.0
1389,2017,3,Santiago Del Estero,Dial up,2.0
1390,2017,3,Tierra Del Fuego,Dial up,583.0
1391,2017,3,Tucumán,Dial up,33.0
1392,2017,2,Buenos Aires,Dial up,11201.0
1393,2017,2,Capital Federal,Dial up,8016.0
1394,2017,2,Catamarca,Dial up,13.0
1395,2017,2,Chaco,Dial up,14.0
1396,2017,2,Chubut,Dial up,1730.0
1397,2017,2,Córdoba,Dial up,133.0
1398,2017,2,Corrientes,Dial up,12.0
1399,2017,2,Entre Ríos,Dial up,57.0
1400,2017,2,Formosa,Dial up,0.0
1401,2017,2,Jujuy,Dial up,1.0
1402,2017,2,La Pampa,Dial up,449.0
1403,2017,2,La Rioja,Dial up,18.0
1404,2017,2,Mendoza,Dial up,1451.0
1405,2017,2,Misiones,Dial up,0.0
1406,2017,2,Neuquén,Dial up,2112.0
1407,2017,2,Río Negro,Dial up,998.0
1408,2017,2,Salta,Dial up,1.0
1409,2017,2,San Juan,Dial up,620.0
1410,2017,2,San Luis,Dial up,315.0
1411,2017,2,Santa Cruz,Dial up,369.0
1412,2017,2,Santa Fe,Dial up,362.0
1413,2017,2,Santiago Del Estero,Dial up,2.0
1414,2017,2,Tierra Del Fuego,Dial up,619.0
1415,2017,2,Tucumán,Dial up,37.0
1416,2017,1,Buenos Aires,Dial up,11202.0
1417,2017,1,Capital Federal,Dial up,8016.0
1418,2017,1,Catamarca,Dial up,13.0
1419,2017,1,Chaco,Dial up,14.0
1420,2017,1,Chubut,Dial up,1730.0
1421,2017,1,Córdoba,Dial up,133.0
1422,2017,1,Corrientes,Dial up,12.0
1423,2017,1,Entre Ríos,Dial up,57.0
1424,2017,1,Formosa,Dial up,0.0
1425,2017,1,Jujuy,Dial up,1.0
1426,2017,1,La Pampa,Dial up,455.0
1427,2017,1,La Rioja,Dial up,18.0
1428,2017,1,Mendoza,Dial up,1451.0
1429,2017,1,Misiones,Dial up,0.0
1430,2017,1,Neuquén,Dial up,2112.0
1431,2017,1,Río Negro,Dial up,1000.0
1432,2017,1,Salta,Dial up,1.0
1433,2017,1,San Juan,Dial up,620.0
1434,2017,1,San Luis,Dial up,315.0
1435,2017,1,Santa Cruz,Dial up,370.0
1436,2017,1,Santa Fe,Dial up,362.0
1437,2017,1,Santiago Del Estero,Dial up,2.0
1438,2017,1,Tierra Del Fuego,Dial up,619.0
1439,2017,1,Tucumán,Dial up,37.0
1440,2016,4,Buenos Aires,Dial up,11202.0
1441,2016,4,Capital Federal,Dial up,8016.0
1442,2016,4,Catamarca,Dial up,13.0
1443,2016,4,Chaco,Dial up,14.0
1444,2016,4,Chubut,Dial up,1730.0
1445,2016,4,Córdoba,Dial up,133.0
1446,2016,4,Corrientes,Dial up,12.0
1447,2016,4,Entre Ríos,Dial up,57.0
1448,2016,4,Formosa,Dial up,0.0
1449,2016,4,Jujuy,Dial up,1.0
1450,2016,4,La Pampa,Dial up,460.0
1451,2016,4,La Rioja,Dial up,18.0
1452,2016,4,Mendoza,Dial up,1451.0
1453,2016,4,Misiones,Dial up,0.0
1454,2016,4,Neuquén,Dial up,2112.0
1455,2016,4,Río Negro,Dial up,1000.0
1456,2016,4,Salta,Dial up,1.0
1457,2016,4,San Juan,Dial up,620.0
1458,2016,4,San Luis,Dial up,315.0
1459,2016,4,Santa Cruz,Dial up,370.0
1460,2016,4,Santa Fe,Dial up,362.0
1461,2016,4,Santiago Del Estero,Dial up,2.0
1462,2016,4,Tierra Del Fuego,Dial up,619.0
1463,2016,4,Tucumán,Dial up,37.0
1464,2016,3,Buenos Aires,Dial up,11205.0
1465,2016,3,Capital Federal,Dial up,8051.0
1466,2016,3,Catamarca,Dial up,13.0
1467,2016,3,Chaco,Dial up,14.0
1468,2016,3,Chubut,Dial up,1730.0
1469,2016,3,Córdoba,Dial up,133.0
1470,2016,3,Corrientes,Dial up,12.0
1471,2016,3,Entre Ríos,Dial up,57.0
1472,2016,3,Formosa,Dial up,0.0
1473,2016,3,Jujuy,Dial up,1.0
1474,2016,3,La Pampa,Dial up,461.0
1475,2016,3,La Rioja,Dial up,18.0
1476,2016,3,Mendoza,Dial up,1450.0
1477,2016,3,Misiones,Dial up,0.0
1478,2016,3,Neuquén,Dial up,2112.0
1479,2016,3,Río Negro,Dial up,1002.0
1480,2016,3,Salta,Dial up,1.0
1481,2016,3,San Juan,Dial up,620.0
1482,2016,3,San Luis,Dial up,315.0
1483,2016,3,Santa Cruz,Dial up,371.0
1484,2016,3,Santa Fe,Dial up,386.0
1485,2016,3,Santiago Del Estero,Dial up,2.0
1486,2016,3,Tierra Del Fuego,Dial up,619.0
1487,2016,3,Tucumán,Dial up,37.0
1488,2016,2,Buenos Aires,Dial up,12515.0
1489,2016,2,Capital Federal,Dial up,9760.0
1490,2016,2,Catamarca,Dial up,13.0
1491,2016,2,Chaco,Dial up,16.0
1492,2016,2,Chubut,Dial up,1740.0
1493,2016,2,Córdoba,Dial up,234.0
1494,2016,2,Corrientes,Dial up,24.0
1495,2016,2,Entre Ríos,Dial up,179.0
1496,2016,2,Formosa,Dial up,1.0
1497,2016,2,Jujuy,Dial up,2.0
1498,2016,2,La Pampa,Dial up,485.0
1499,2016,2,La Rioja,Dial up,18.0
1500,2016,2,Mendoza,Dial up,1550.0
1501,2016,2,Misiones,Dial up,7.0
1502,2016,2,Neuquén,Dial up,2291.0
1503,2016,2,Río Negro,Dial up,1073.0
1504,2016,2,Salta,Dial up,3.0
1505,2016,2,San Juan,Dial up,621.0
1506,2016,2,San Luis,Dial up,317.0
1507,2016,2,Santa Cruz,Dial up,356.0
1508,2016,2,Santa Fe,Dial up,607.0
1509,2016,2,Santiago Del Estero,Dial up,3.0
1510,2016,2,Tierra Del Fuego,Dial up,619.0
1511,2016,2,Tucumán,Dial up,41.0
1512,2016,1,Buenos Aires,Dial up,12612.0
1513,2016,1,Capital Federal,Dial up,9817.0
1514,2016,1,Catamarca,Dial up,13.0
1515,2016,1,Chaco,Dial up,16.0
1516,2016,1,Chubut,Dial up,1740.0
1517,2016,1,Córdoba,Dial up,234.0
1518,2016,1,Corrientes,Dial up,26.0
1519,2016,1,Entre Ríos,Dial up,179.0
1520,2016,1,Formosa,Dial up,1.0
1521,2016,1,Jujuy,Dial up,2.0
1522,2016,1,La Pampa,Dial up,487.0
1523,2016,1,La Rioja,Dial up,18.0
1524,2016,1,Mendoza,Dial up,1553.0
1525,2016,1,Misiones,Dial up,7.0
1526,2016,1,Neuquén,Dial up,2292.0
1527,2016,1,Río Negro,Dial up,1077.0
1528,2016,1,Salta,Dial up,3.0
1529,2016,1,San Juan,Dial up,621.0
1530,2016,1,San Luis,Dial up,317.0
1531,2016,1,Santa Cruz,Dial up,356.0
1532,2016,1,Santa Fe,Dial up,618.0
1533,2016,1,Santiago Del Estero,Dial up,3.0
1534,2016,1,Tierra Del Fuego,Dial up,619.0
1535,2016,1,Tucumán,Dial up,41.0
1536,2015,4,Buenos Aires,Dial up,12642.0
1537,2015,4,Capital Federal,Dial up,9845.0
1538,2015,4,Catamarca,Dial up,13.0
1539,2015,4,Chaco,Dial up,16.0
1540,2015,4,Chubut,Dial up,1740.0
1541,2015,4,Córdoba,Dial up,235.0
1542,2015,4,Corrientes,Dial up,26.0
1543,2015,4,Entre Ríos,Dial up,180.0
1544,2015,4,Formosa,Dial up,1.0
1545,2015,4,Jujuy,Dial up,2.0
1546,2015,4,La Pampa,Dial up,312.0
1547,2015,4,La Rioja,Dial up,18.0
1548,2015,4,Mendoza,Dial up,1556.0
1549,2015,4,Misiones,Dial up,7.0
1550,2015,4,Neuquén,Dial up,2294.0
1551,2015,4,Río Negro,Dial up,1067.0
1552,2015,4,Salta,Dial up,3.0
1553,2015,4,San Juan,Dial up,621.0
1554,2015,4,San Luis,Dial up,317.0
1555,2015,4,Santa Cruz,Dial up,356.0
1556,2015,4,Santa Fe,Dial up,627.0
1557,2015,4,Santiago Del Estero,Dial up,3.0
1558,2015,4,Tierra Del Fuego,Dial up,619.0
1559,2015,4,Tucumán,Dial up,42.0
1560,2015,3,Buenos Aires,Dial up,12695.0
1561,2015,3,Capital Federal,Dial up,9875.0
1562,2015,3,Catamarca,Dial up,13.0
1563,2015,3,Chaco,Dial up,16.0
1564,2015,3,Chubut,Dial up,1740.0
1565,2015,3,Córdoba,Dial up,237.0
1566,2015,3,Corrientes,Dial up,28.0
1567,2015,3,Entre Ríos,Dial up,182.0
1568,2015,3,Formosa,Dial up,1.0
1569,2015,3,Jujuy,Dial up,2.0
1570,2015,3,La Pampa,Dial up,495.0
1571,2015,3,La Rioja,Dial up,18.0
1572,2015,3,Mendoza,Dial up,1562.0
1573,2015,3,Misiones,Dial up,7.0
1574,2015,3,Neuquén,Dial up,2240.0
1575,2015,3,Río Negro,Dial up,1085.0
1576,2015,3,Salta,Dial up,3.0
1577,2015,3,San Juan,Dial up,621.0
1578,2015,3,San Luis,Dial up,317.0
1579,2015,3,Santa Cruz,Dial up,359.0
1580,2015,3,Santa Fe,Dial up,641.0
1581,2015,3,Santiago Del Estero,Dial up,3.0
1582,2015,3,Tierra Del Fuego,Dial up,619.0
1583,2015,3,Tucumán,Dial up,42.0
1584,2015,2,Buenos Aires,Dial up,12711.0
1585,2015,2,Capital Federal,Dial up,9893.0
1586,2015,2,Catamarca,Dial up,13.0
1587,2015,2,Chaco,Dial up,16.0
1588,2015,2,Chubut,Dial up,1740.0
1589,2015,2,Córdoba,Dial up,236.0
1590,2015,2,Corrientes,Dial up,28.0
1591,2015,2,Entre Ríos,Dial up,183.0
1592,2015,2,Formosa,Dial up,37.0
1593,2015,2,Jujuy,Dial up,2.0
1594,2015,2,La Pampa,Dial up,500.0
1595,2015,2,La Rioja,Dial up,18.0
1596,2015,2,Mendoza,Dial up,1564.0
1597,2015,2,Misiones,Dial up,7.0
1598,2015,2,Neuquén,Dial up,2241.0
1599,2015,2,Río Negro,Dial up,1087.0
1600,2015,2,Salta,Dial up,3.0
1601,2015,2,San Juan,Dial up,621.0
1602,2015,2,San Luis,Dial up,317.0
1603,2015,2,Santa Cruz,Dial up,379.0
1604,2015,2,Santa Fe,Dial up,649.0
1605,2015,2,Santiago Del Estero,Dial up,3.0
1606,2015,2,Tierra Del Fuego,Dial up,619.0
1607,2015,2,Tucumán,Dial up,42.0
1608,2015,1,Buenos Aires,Dial up,14766.0
1609,2015,1,Capital Federal,Dial up,11582.0
1610,2015,1,Catamarca,Dial up,20.0
1611,2015,1,Chaco,Dial up,31.0
1612,2015,1,Chubut,Dial up,1946.0
1613,2015,1,Córdoba,Dial up,294.0
1614,2015,1,Corrientes,Dial up,43.0
1615,2015,1,Entre Ríos,Dial up,231.0
1616,2015,1,Formosa,Dial up,43.0
1617,2015,1,Jujuy,Dial up,3.0
1618,2015,1,La Pampa,Dial up,542.0
1619,2015,1,La Rioja,Dial up,23.0
1620,2015,1,Mendoza,Dial up,1805.0
1621,2015,1,Misiones,Dial up,7.0
1622,2015,1,Neuquén,Dial up,2369.0
1623,2015,1,Río Negro,Dial up,1188.0
1624,2015,1,Salta,Dial up,18.0
1625,2015,1,San Juan,Dial up,702.0
1626,2015,1,San Luis,Dial up,354.0
1627,2015,1,Santa Cruz,Dial up,424.0
1628,2015,1,Santa Fe,Dial up,797.0
1629,2015,1,Santiago Del Estero,Dial up,8.0
1630,2015,1,Tierra Del Fuego,Dial up,730.0
1631,2015,1,Tucumán,Dial up,92.0
1632,2014,4,Buenos Aires,Dial up,15229.0
1633,2014,4,Capital Federal,Dial up,11994.0
1634,2014,4,Catamarca,Dial up,21.0
1635,2014,4,Chaco,Dial up,37.0
1636,2014,4,Chubut,Dial up,1985.0
1637,2014,4,Córdoba,Dial up,319.0
1638,2014,4,Corrientes,Dial up,54.0
1639,2014,4,Entre Ríos,Dial up,246.0
1640,2014,4,Formosa,Dial up,51.0
1641,2014,4,Jujuy,Dial up,3.0
1642,2014,4,La Pampa,Dial up,567.0
1643,2014,4,La Rioja,Dial up,23.0
1644,2014,4,Mendoza,Dial up,1848.0
1645,2014,4,Misiones,Dial up,7.0
1646,2014,4,Neuquén,Dial up,2397.0
1647,2014,4,Río Negro,Dial up,1210.0
1648,2014,4,Salta,Dial up,26.0
1649,2014,4,San Juan,Dial up,729.0
1650,2014,4,San Luis,Dial up,359.0
1651,2014,4,Santa Cruz,Dial up,436.0
1652,2014,4,Santa Fe,Dial up,938.0
1653,2014,4,Santiago Del Estero,Dial up,9.0
1654,2014,4,Tierra Del Fuego,Dial up,741.0
1655,2014,4,Tucumán,Dial up,95.0
1656,2014,3,Buenos Aires,Dial up,14028.0
1657,2014,3,Capital Federal,Dial up,10630.0
1658,2014,3,Catamarca,Dial up,21.0
1659,2014,3,Chaco,Dial up,36.0
1660,2014,3,Chubut,Dial up,2007.0
1661,2014,3,Córdoba,Dial up,200.0
1662,2014,3,Corrientes,Dial up,33.0
1663,2014,3,Entre Ríos,Dial up,115.0
1664,2014,3,Formosa,Dial up,64.0
1665,2014,3,Jujuy,Dial up,2.0
1666,2014,3,La Pampa,Dial up,564.0
1667,2014,3,La Rioja,Dial up,23.0
1668,2014,3,Mendoza,Dial up,1740.0
1669,2014,3,Misiones,Dial up,0.0
1670,2014,3,Neuquén,Dial up,2268.0
1671,2014,3,Río Negro,Dial up,1151.0
1672,2014,3,Salta,Dial up,25.0
1673,2014,3,San Juan,Dial up,748.0
1674,2014,3,San Luis,Dial up,363.0
1675,2014,3,Santa Cruz,Dial up,446.0
1676,2014,3,Santa Fe,Dial up,691.0
1677,2014,3,Santiago Del Estero,Dial up,9.0
1678,2014,3,Tierra Del Fuego,Dial up,755.0
1679,2014,3,Tucumán,Dial up,88.0
1680,2014,2,Buenos Aires,Dial up,14116.0
1681,2014,2,Capital Federal,Dial up,10713.0
1682,2014,2,Catamarca,Dial up,23.0
1683,2014,2,Chaco,Dial up,36.0
1684,2014,2,Chubut,Dial up,2016.0
1685,2014,2,Córdoba,Dial up,205.0
1686,2014,2,Corrientes,Dial up,33.0
1687,2014,2,Entre Ríos,Dial up,115.0
1688,2014,2,Formosa,Dial up,65.0
1689,2014,2,Jujuy,Dial up,2.0
1690,2014,2,La Pampa,Dial up,580.0
1691,2014,2,La Rioja,Dial up,23.0
1692,2014,2,Mendoza,Dial up,1761.0
1693,2014,2,Misiones,Dial up,0.0
1694,2014,2,Neuquén,Dial up,2235.0
1695,2014,2,Río Negro,Dial up,1145.0
1696,2014,2,Salta,Dial up,25.0
1697,2014,2,San Juan,Dial up,755.0
1698,2014,2,San Luis,Dial up,364.0
1699,2014,2,Santa Cruz,Dial up,459.0
1700,2014,2,Santa Fe,Dial up,605.0
1701,2014,2,Santiago Del Estero,Dial up,9.0
1702,2014,2,Tierra Del Fuego,Dial up,766.0
1703,2014,2,Tucumán,Dial up,88.0
1704,2014,1,Buenos Aires,Dial up,14144.0
1705,2014,1,Capital Federal,Dial up,10714.0
1706,2014,1,Catamarca,Dial up,23.0
1707,2014,1,Chaco,Dial up,36.0
1708,2014,1,Chubut,Dial up,2016.0
1709,2014,1,Córdoba,Dial up,205.0
1710,2014,1,Corrientes,Dial up,33.0
1711,2014,1,Entre Ríos,Dial up,115.0
1712,2014,1,Formosa,Dial up,87.0
1713,2014,1,Jujuy,Dial up,2.0
1714,2014,1,La Pampa,Dial up,592.0
1715,2014,1,La Rioja,Dial up,23.0
1716,2014,1,Mendoza,Dial up,1761.0
1717,2014,1,Misiones,Dial up,0.0
1718,2014,1,Neuquén,Dial up,2303.0
1719,2014,1,Río Negro,Dial up,1157.0
1720,2014,1,Salta,Dial up,25.0
1721,2014,1,San Juan,Dial up,755.0
1722,2014,1,San Luis,Dial up,364.0
1723,2014,1,Santa Cruz,Dial up,460.0
1724,2014,1,Santa Fe,Dial up,612.0
1725,2014,1,Santiago Del Estero,Dial up,9.0
1726,2014,1,Tierra Del Fuego,Dial up,766.0
1727,2014,1,Tucumán,Dial up,88.0
